SlNo,Product,URL,Environment,TCID,TestCaseDescription,Browser,Result,Investigations,TestStartedTime,TestEndedTime,Timetakentofinish,
1,DrySign,icdemo-drysign.exela.global,Demo,TC001,Tomcat service (URL),chrome,PASSED,,2020-05-31 11:15:09 AM,2020-05-31 11:15:33 AM,00:00:24,
2,DrySign,icdemo-drysign.exela.global,Demo,TC002,ExelaAuth service (Login),chrome,PASSED,,2020-05-31 11:15:46 AM,2020-05-31 11:16:43 AM,00:00:57,
3,DrySign,icdemo-drysign.exela.global,Demo,TC003,eFA service (Download),chrome,PASSED,,2020-05-31 11:16:51 AM,2020-05-31 11:18:01 AM,00:01:10,
4,DrySign,icdemo-drysign.exela.global,Demo,TC001,Tomcat service (URL),chrome,PASSED,,2020-05-31 11:15:09 AM,2020-05-31 11:15:33 AM,00:00:24,
5,DrySign,icdemo-drysign.exela.global,Demo,TC002,ExelaAuth service (Login),chrome,PASSED,,2020-05-31 11:15:46 AM,2020-05-31 11:16:43 AM,00:00:57,
6,DrySign,icdemo-drysign.exela.global,Demo,TC003,eFA service (Download),chrome,PASSED,,2020-05-31 11:16:51 AM,2020-05-31 11:18:01 AM,00:01:10,
7,DrySign,icdemo-drysign.exela.global,Demo,TC001,Tomcat service (URL),chrome,PASSED,,2020-05-31 11:15:09 AM,2020-05-31 11:15:33 AM,00:00:24,
8,DrySign,icdemo-drysign.exela.global,Demo,TC002,ExelaAuth service (Login),chrome,PASSED,,2020-05-31 11:15:46 AM,2020-05-31 11:16:43 AM,00:00:57,
9,DrySign,icdemo-drysign.exela.global,Demo,TC003,eFA service (Download),chrome,PASSED,,2020-05-31 11:16:51 AM,2020-05-31 11:18:01 AM,00:01:10,
10,DrySign,icdemo-drysign.exela.global,Demo,TC001,Tomcat service (URL),chrome,PASSED,,2020-05-31 11:15:09 AM,2020-05-31 11:15:33 AM,00:00:24,
11,DrySign,icdemo-drysign.exela.global,Demo,TC002,ExelaAuth service (Login),chrome,PASSED,,2020-05-31 11:15:46 AM,2020-05-31 11:16:43 AM,00:00:57,
12,DrySign,icdemo-drysign.exela.global,Demo,TC003,eFA service (Download),chrome,PASSED,,2020-05-31 11:16:51 AM,2020-05-31 11:18:01 AM,00:01:10,
13,DrySign,icdemo-drysign.exela.global,Demo,TC001,Tomcat service (URL),chrome,PASSED,,2020-05-31 11:15:09 AM,2020-05-31 11:15:33 AM,00:00:24,
14,DrySign,icdemo-drysign.exela.global,Demo,TC002,ExelaAuth service (Login),chrome,PASSED,,2020-05-31 11:15:46 AM,2020-05-31 11:16:43 AM,00:00:57,
15,DrySign,icdemo-drysign.exela.global,Demo,TC003,eFA service (Download),chrome,PASSED,,2020-05-31 11:16:51 AM,2020-05-31 11:18:01 AM,00:01:10,
16,DrySign,icdemo-drysign.exela.global,Demo,TC001,Tomcat service (URL),chrome,PASSED,,2020-05-31 07:06:37 AM,2020-05-31 07:06:47 AM,00:00:10,
17,DrySign,icdemo-drysign.exela.global,Demo,TC002,ExelaAuth service (Login),chrome,PASSED,,2020-05-31 07:06:48 AM,2020-05-31 07:07:19 AM,00:00:31,
18,DrySign,icdemo-drysign.exela.global,Demo,TC003,eFA service (Download),chrome,PASSED,,2020-05-31 07:07:20 AM,2020-05-31 07:07:58 AM,00:00:38,
19,DrySign,icdemo-drysign.exela.global,Demo,TC001,Tomcat service (URL),chrome,PASSED,,2020-05-31 01:51:49 PM,2020-05-31 01:51:59 PM,00:00:10,
20,DrySign,icdemo-drysign.exela.global,Demo,TC002,ExelaAuth service (Login),chrome,PASSED,,2020-05-31 01:52:00 PM,2020-05-31 01:52:32 PM,00:00:32,
21,DrySign,icdemo-drysign.exela.global,Demo,TC003,eFA service (Download),chrome,PASSED,,2020-05-31 01:52:33 PM,2020-05-31 01:53:11 PM,00:00:38,
22,DrySign,icdemo-drysign.exela.global,Demo,TC001,Tomcat service (URL),chrome,PASSED,,2020-05-31 07:59:34 PM,2020-05-31 07:59:44 PM,00:00:10,
23,DrySign,icdemo-drysign.exela.global,Demo,TC002,ExelaAuth service (Login),chrome,PASSED,,2020-05-31 07:59:45 PM,2020-05-31 08:00:16 PM,00:00:31,
24,DrySign,icdemo-drysign.exela.global,Demo,TC003,eFA service (Download),chrome,PASSED,,2020-05-31 08:00:18 PM,2020-05-31 08:00:55 PM,00:00:37,
25,DrySign,icdemo-drysign.exela.global,Demo,TC001,Tomcat service (URL),chrome,PASSED,,2020-05-31 08:43:20 PM,2020-05-31 08:43:30 PM,00:00:10,
26,DrySign,icdemo-drysign.exela.global,Demo,TC002,ExelaAuth service (Login),chrome,PASSED,,2020-05-31 08:43:31 PM,2020-05-31 08:44:02 PM,00:00:31,
27,DrySign,icdemo-drysign.exela.global,Demo,TC003,eFA service (Download),chrome,PASSED,,2020-05-31 08:44:04 PM,2020-05-31 08:44:41 PM,00:00:37,
28,DrySign,icdemo-drysign.exela.global,Demo,TC001,Tomcat service (URL),chrome,PASSED,,2020-06-01 05:36:15 PM,2020-06-01 05:36:26 PM,00:00:11,
29,DrySign,icdemo-drysign.exela.global,Demo,TC002,ExelaAuth service (Login),chrome,PASSED,,2020-06-01 05:36:27 PM,2020-06-01 05:36:58 PM,00:00:31,
30,DrySign,icdemo-drysign.exela.global,Demo,TC003,eFA service (Download),chrome,PASSED,,2020-06-01 05:36:59 PM,2020-06-01 05:37:37 PM,00:00:38,
31,DrySign,icdemo-drysign.exela.global,Demo,TC001,Tomcat service (URL),chrome,PASSED,,2020-06-03 06:55:07 PM,2020-06-03 06:55:17 PM,00:00:10,
32,DrySign,icdemo-drysign.exela.global,Demo,TC002,ExelaAuth service (Login),chrome,PASSED,,2020-06-03 06:55:18 PM,2020-06-03 06:55:49 PM,00:00:31,
33,DrySign,icdemo-drysign.exela.global,Demo,TC003,eFA service (Download),chrome,PASSED,,2020-06-03 06:55:50 PM,2020-06-03 06:56:28 PM,00:00:38,
34,DrySign,icdemo-drysign.exela.global,Demo,TC001,Tomcat service (URL),chrome,PASSED,,2020-06-03 07:55:07 PM,2020-06-03 07:55:18 PM,00:00:11,
35,DrySign,icdemo-drysign.exela.global,Demo,TC002,ExelaAuth service (Login),chrome,PASSED,,2020-06-03 07:55:19 PM,2020-06-03 07:55:50 PM,00:00:31,
36,DrySign,icdemo-drysign.exela.global,Demo,TC003,eFA service (Download),chrome,PASSED,,2020-06-03 07:55:51 PM,2020-06-03 07:56:29 PM,00:00:38,
37,DrySign,icdemo-drysign.exela.global,Demo,TC001,Tomcat service (URL),chrome,PASSED,,2020-06-03 08:55:06 PM,2020-06-03 08:55:17 PM,00:00:11,
38,DrySign,icdemo-drysign.exela.global,Demo,TC002,ExelaAuth service (Login),chrome,PASSED,,2020-06-03 08:55:18 PM,2020-06-03 08:55:49 PM,00:00:31,
39,DrySign,icdemo-drysign.exela.global,Demo,TC003,eFA service (Download),chrome,PASSED,,2020-06-03 08:55:50 PM,2020-06-03 08:56:28 PM,00:00:38,
40,DrySign,icdemo-drysign.exela.global,Demo,TC001,Tomcat service (URL),chrome,PASSED,,2020-06-03 09:55:06 PM,2020-06-03 09:55:17 PM,00:00:11,
41,DrySign,icdemo-drysign.exela.global,Demo,TC002,ExelaAuth service (Login),chrome,PASSED,,2020-06-03 09:55:18 PM,2020-06-03 09:55:49 PM,00:00:31,
42,DrySign,icdemo-drysign.exela.global,Demo,TC003,eFA service (Download),chrome,PASSED,,2020-06-03 09:55:50 PM,2020-06-03 09:56:28 PM,00:00:38,
43,DrySign,icdemo-drysign.exela.global,Demo,TC001,Tomcat service (URL),chrome,PASSED,,2020-06-03 10:55:06 PM,2020-06-03 10:55:17 PM,00:00:11,
44,DrySign,icdemo-drysign.exela.global,Demo,TC002,ExelaAuth service (Login),chrome,PASSED,,2020-06-03 10:55:19 PM,2020-06-03 10:55:50 PM,00:00:31,
45,DrySign,icdemo-drysign.exela.global,Demo,TC003,eFA service (Download),chrome,PASSED,,2020-06-03 10:55:51 PM,2020-06-03 10:56:28 PM,00:00:37,
46,DrySign,icdemo-drysign.exela.global,Demo,TC001,Tomcat service (URL),chrome,PASSED,,2020-06-03 11:55:07 PM,2020-06-03 11:55:18 PM,00:00:11,
47,DrySign,icdemo-drysign.exela.global,Demo,TC002,ExelaAuth service (Login),chrome,PASSED,,2020-06-03 11:55:19 PM,2020-06-03 11:55:50 PM,00:00:31,
48,DrySign,icdemo-drysign.exela.global,Demo,TC003,eFA service (Download),chrome,PASSED,,2020-06-03 11:55:51 PM,2020-06-03 11:56:28 PM,00:00:37,
49,DrySign,icdemo-drysign.exela.global,Demo,TC001,Tomcat service (URL),chrome,PASSED,,2020-06-04 12:55:06 AM,2020-06-04 12:55:17 AM,00:00:11,
50,DrySign,icdemo-drysign.exela.global,Demo,TC002,ExelaAuth service (Login),chrome,PASSED,,2020-06-04 12:55:18 AM,2020-06-04 12:55:50 AM,00:00:32,
51,DrySign,icdemo-drysign.exela.global,Demo,TC003,eFA service (Download),chrome,PASSED,,2020-06-04 12:55:51 AM,2020-06-04 12:56:28 AM,00:00:37,
52,DrySign,icdemo-drysign.exela.global,Demo,TC001,Tomcat service (URL),chrome,PASSED,,2020-06-04 01:55:05 AM,2020-06-04 01:55:16 AM,00:00:11,
53,DrySign,icdemo-drysign.exela.global,Demo,TC002,ExelaAuth service (Login),chrome,PASSED,,2020-06-04 01:55:17 AM,2020-06-04 01:55:48 AM,00:00:31,
54,DrySign,icdemo-drysign.exela.global,Demo,TC003,eFA service (Download),chrome,PASSED,,2020-06-04 01:55:49 AM,2020-06-04 01:56:27 AM,00:00:38,
55,DrySign,icdemo-drysign.exela.global,Demo,TC001,Tomcat service (URL),chrome,PASSED,,2020-06-04 02:55:06 AM,2020-06-04 02:55:17 AM,00:00:11,
56,DrySign,icdemo-drysign.exela.global,Demo,TC002,ExelaAuth service (Login),chrome,PASSED,,2020-06-04 02:55:18 AM,2020-06-04 02:55:49 AM,00:00:31,
57,DrySign,icdemo-drysign.exela.global,Demo,TC003,eFA service (Download),chrome,PASSED,,2020-06-04 02:55:51 AM,2020-06-04 02:56:28 AM,00:00:37,
58,DrySign,icdemo-drysign.exela.global,Demo,TC001,Tomcat service (URL),chrome,PASSED,,2020-06-04 03:55:06 AM,2020-06-04 03:55:17 AM,00:00:11,
59,DrySign,icdemo-drysign.exela.global,Demo,TC002,ExelaAuth service (Login),chrome,PASSED,,2020-06-04 03:55:18 AM,2020-06-04 03:55:49 AM,00:00:31,
60,DrySign,icdemo-drysign.exela.global,Demo,TC003,eFA service (Download),chrome,PASSED,,2020-06-04 03:55:50 AM,2020-06-04 03:56:28 AM,00:00:38,
61,DrySign,icdemo-drysign.exela.global,Demo,TC001,Tomcat service (URL),chrome,PASSED,,2020-06-04 04:55:06 AM,2020-06-04 04:55:17 AM,00:00:11,
62,DrySign,icdemo-drysign.exela.global,Demo,TC002,ExelaAuth service (Login),chrome,PASSED,,2020-06-04 04:55:19 AM,2020-06-04 04:55:50 AM,00:00:31,
63,DrySign,icdemo-drysign.exela.global,Demo,TC003,eFA service (Download),chrome,PASSED,,2020-06-04 04:55:51 AM,2020-06-04 04:56:28 AM,00:00:37,
64,DrySign,icdemo-drysign.exela.global,Demo,TC001,Tomcat service (URL),chrome,PASSED,,2020-06-04 05:55:06 AM,2020-06-04 05:55:17 AM,00:00:11,
65,DrySign,icdemo-drysign.exela.global,Demo,TC002,ExelaAuth service (Login),chrome,PASSED,,2020-06-04 05:55:18 AM,2020-06-04 05:55:49 AM,00:00:31,
66,DrySign,icdemo-drysign.exela.global,Demo,TC003,eFA service (Download),chrome,PASSED,,2020-06-04 05:55:50 AM,2020-06-04 05:56:28 AM,00:00:38,
67,DrySign,icdemo-drysign.exela.global,Demo,TC001,Tomcat service (URL),chrome,PASSED,,2020-06-04 06:55:07 AM,2020-06-04 06:55:18 AM,00:00:11,
68,DrySign,icdemo-drysign.exela.global,Demo,TC002,ExelaAuth service (Login),chrome,PASSED,,2020-06-04 06:55:19 AM,2020-06-04 06:55:50 AM,00:00:31,
69,DrySign,icdemo-drysign.exela.global,Demo,TC003,eFA service (Download),chrome,PASSED,,2020-06-04 06:55:51 AM,2020-06-04 06:56:29 AM,00:00:38,
70,DrySign,icdemo-drysign.exela.global,Demo,TC001,Tomcat service (URL),chrome,PASSED,,2020-06-04 07:55:06 AM,2020-06-04 07:55:17 AM,00:00:11,
71,DrySign,icdemo-drysign.exela.global,Demo,TC002,ExelaAuth service (Login),chrome,PASSED,,2020-06-04 07:55:18 AM,2020-06-04 07:55:50 AM,00:00:32,
72,DrySign,icdemo-drysign.exela.global,Demo,TC003,eFA service (Download),chrome,PASSED,,2020-06-04 07:55:51 AM,2020-06-04 07:56:28 AM,00:00:37,
73,DrySign,icdemo-drysign.exela.global,Demo,TC001,Tomcat service (URL),chrome,PASSED,,2020-06-04 08:55:06 AM,2020-06-04 08:55:17 AM,00:00:11,
74,DrySign,icdemo-drysign.exela.global,Demo,TC002,ExelaAuth service (Login),chrome,PASSED,,2020-06-04 08:55:18 AM,2020-06-04 08:55:49 AM,00:00:31,
75,DrySign,icdemo-drysign.exela.global,Demo,TC003,eFA service (Download),chrome,PASSED,,2020-06-04 08:55:50 AM,2020-06-04 08:56:28 AM,00:00:38,
76,DrySign,icdemo-drysign.exela.global,Demo,TC001,Tomcat service (URL),chrome,PASSED,,2020-06-04 09:55:07 AM,2020-06-04 09:55:18 AM,00:00:11,
77,DrySign,icdemo-drysign.exela.global,Demo,TC002,ExelaAuth service (Login),chrome,PASSED,,2020-06-04 09:55:19 AM,2020-06-04 09:55:50 AM,00:00:31,
78,DrySign,icdemo-drysign.exela.global,Demo,TC003,eFA service (Download),chrome,PASSED,,2020-06-04 09:55:51 AM,2020-06-04 09:56:29 AM,00:00:38,
79,DrySign,icdemo-drysign.exela.global,Demo,TC001,Tomcat service (URL),chrome,PASSED,,2020-06-04 10:55:07 AM,2020-06-04 10:55:18 AM,00:00:11,
80,DrySign,icdemo-drysign.exela.global,Demo,TC002,ExelaAuth service (Login),chrome,PASSED,,2020-06-04 10:55:19 AM,2020-06-04 10:55:51 AM,00:00:32,
81,DrySign,icdemo-drysign.exela.global,Demo,TC003,eFA service (Download),chrome,PASSED,,2020-06-04 10:55:52 AM,2020-06-04 10:56:29 AM,00:00:37,
82,DrySign,icdemo-drysign.exela.global,Demo,TC001,Tomcat service (URL),chrome,PASSED,,2020-06-04 11:55:07 AM,2020-06-04 11:55:23 AM,00:00:16,
83,DrySign,icdemo-drysign.exela.global,Demo,TC002,ExelaAuth service (Login),chrome,PASSED,,2020-06-04 11:55:24 AM,2020-06-04 11:55:55 AM,00:00:31,
84,DrySign,icdemo-drysign.exela.global,Demo,TC003,eFA service (Download),chrome,PASSED,,2020-06-04 11:55:56 AM,2020-06-04 11:56:34 AM,00:00:38,
85,DrySign,icdemo-drysign.exela.global,Demo,TC001,Tomcat service (URL),chrome,PASSED,,2020-06-04 12:55:05 PM,2020-06-04 12:55:16 PM,00:00:11,
86,DrySign,icdemo-drysign.exela.global,Demo,TC002,ExelaAuth service (Login),chrome,PASSED,,2020-06-04 12:55:17 PM,2020-06-04 12:55:49 PM,00:00:32,
87,DrySign,icdemo-drysign.exela.global,Demo,TC003,eFA service (Download),chrome,PASSED,,2020-06-04 12:55:50 PM,2020-06-04 12:56:28 PM,00:00:38,
88,DrySign,icdemo-drysign.exela.global,Demo,TC001,Tomcat service (URL),chrome,PASSED,,2020-06-04 01:55:06 PM,2020-06-04 01:55:17 PM,00:00:11,
89,DrySign,icdemo-drysign.exela.global,Demo,TC002,ExelaAuth service (Login),chrome,PASSED,,2020-06-04 01:55:18 PM,2020-06-04 01:55:49 PM,00:00:31,
90,DrySign,icdemo-drysign.exela.global,Demo,TC003,eFA service (Download),chrome,PASSED,,2020-06-04 01:55:50 PM,2020-06-04 01:56:28 PM,00:00:38,
91,DrySign,icdemo-drysign.exela.global,Demo,TC001,Tomcat service (URL),chrome,PASSED,,2020-06-04 02:55:06 PM,2020-06-04 02:55:18 PM,00:00:12,
92,DrySign,icdemo-drysign.exela.global,Demo,TC002,ExelaAuth service (Login),chrome,PASSED,,2020-06-04 02:55:19 PM,2020-06-04 02:55:50 PM,00:00:31,
93,DrySign,icdemo-drysign.exela.global,Demo,TC003,eFA service (Download),chrome,PASSED,,2020-06-04 02:55:51 PM,2020-06-04 02:56:29 PM,00:00:38,
94,DrySign,icdemo-drysign.exela.global,Demo,TC001,Tomcat service (URL),chrome,PASSED,,2020-06-04 03:55:07 PM,2020-06-04 03:55:18 PM,00:00:11,
95,DrySign,icdemo-drysign.exela.global,Demo,TC002,ExelaAuth service (Login),chrome,PASSED,,2020-06-04 03:55:19 PM,2020-06-04 03:55:50 PM,00:00:31,
96,DrySign,icdemo-drysign.exela.global,Demo,TC003,eFA service (Download),chrome,PASSED,,2020-06-04 03:55:51 PM,2020-06-04 03:56:29 PM,00:00:38,
97,DrySign,icdemo-drysign.exela.global,Demo,TC001,Tomcat service (URL),chrome,PASSED,,2020-06-04 04:55:06 PM,2020-06-04 04:55:17 PM,00:00:11,
98,DrySign,icdemo-drysign.exela.global,Demo,TC002,ExelaAuth service (Login),chrome,PASSED,,2020-06-04 04:55:18 PM,2020-06-04 04:55:49 PM,00:00:31,
99,DrySign,icdemo-drysign.exela.global,Demo,TC003,eFA service (Download),chrome,PASSED,,2020-06-04 04:55:50 PM,2020-06-04 04:56:28 PM,00:00:38,
100,DrySign,icdemo-drysign.exela.global,Demo,TC001,Tomcat service (URL),chrome,PASSED,,2020-06-04 05:55:07 PM,2020-06-04 05:55:17 PM,00:00:10,
101,DrySign,icdemo-drysign.exela.global,Demo,TC002,ExelaAuth service (Login),chrome,PASSED,,2020-06-04 05:55:19 PM,2020-06-04 05:55:50 PM,00:00:31,
102,DrySign,icdemo-drysign.exela.global,Demo,TC003,eFA service (Download),chrome,PASSED,,2020-06-04 05:55:51 PM,2020-06-04 05:56:29 PM,00:00:38,
103,DrySign,icdemo-drysign.exela.global,Demo,TC001,Tomcat service (URL),chrome,PASSED,,2020-06-04 06:55:07 PM,2020-06-04 06:55:18 PM,00:00:11,
104,DrySign,icdemo-drysign.exela.global,Demo,TC002,ExelaAuth service (Login),chrome,PASSED,,2020-06-04 06:55:19 PM,2020-06-04 06:55:50 PM,00:00:31,
105,DrySign,icdemo-drysign.exela.global,Demo,TC003,eFA service (Download),chrome,PASSED,,2020-06-04 06:55:51 PM,2020-06-04 06:56:29 PM,00:00:38,
106,DrySign,icdemo-drysign.exela.global,Demo,TC001,Tomcat service (URL),chrome,PASSED,,2020-06-04 07:55:07 PM,2020-06-04 07:55:18 PM,00:00:11,
107,DrySign,icdemo-drysign.exela.global,Demo,TC002,ExelaAuth service (Login),chrome,PASSED,,2020-06-04 07:55:19 PM,2020-06-04 07:55:51 PM,00:00:32,
108,DrySign,icdemo-drysign.exela.global,Demo,TC003,eFA service (Download),chrome,PASSED,,2020-06-04 07:55:52 PM,2020-06-04 07:56:29 PM,00:00:37,
109,DrySign,icdemo-drysign.exela.global,Demo,TC001,Tomcat service (URL),chrome,PASSED,,2020-06-04 08:55:07 PM,2020-06-04 08:55:18 PM,00:00:11,
110,DrySign,icdemo-drysign.exela.global,Demo,TC002,ExelaAuth service (Login),chrome,PASSED,,2020-06-04 08:55:19 PM,2020-06-04 08:55:50 PM,00:00:31,
111,DrySign,icdemo-drysign.exela.global,Demo,TC003,eFA service (Download),chrome,PASSED,,2020-06-04 08:55:51 PM,2020-06-04 08:56:29 PM,00:00:38,
112,DrySign,icdemo-drysign.exela.global,Demo,TC001,Tomcat service (URL),chrome,PASSED,,2020-06-04 09:55:07 PM,2020-06-04 09:55:18 PM,00:00:11,
113,DrySign,icdemo-drysign.exela.global,Demo,TC002,ExelaAuth service (Login),chrome,PASSED,,2020-06-04 09:55:19 PM,2020-06-04 09:55:50 PM,00:00:31,
114,DrySign,icdemo-drysign.exela.global,Demo,TC003,eFA service (Download),chrome,PASSED,,2020-06-04 09:55:51 PM,2020-06-04 09:56:29 PM,00:00:38,
115,DrySign,icdemo-drysign.exela.global,Demo,TC001,Tomcat service (URL),chrome,PASSED,,2020-06-04 10:55:07 PM,2020-06-04 10:55:18 PM,00:00:11,
116,DrySign,icdemo-drysign.exela.global,Demo,TC002,ExelaAuth service (Login),chrome,PASSED,,2020-06-04 10:55:19 PM,2020-06-04 10:55:50 PM,00:00:31,
117,DrySign,icdemo-drysign.exela.global,Demo,TC003,eFA service (Download),chrome,PASSED,,2020-06-04 10:55:51 PM,2020-06-04 10:56:29 PM,00:00:38,
118,DrySign,icdemo-drysign.exela.global,Demo,TC001,Tomcat service (URL),chrome,PASSED,,2020-06-04 11:55:06 PM,2020-06-04 11:55:17 PM,00:00:11,
119,DrySign,icdemo-drysign.exela.global,Demo,TC002,ExelaAuth service (Login),chrome,PASSED,,2020-06-04 11:55:18 PM,2020-06-04 11:55:50 PM,00:00:32,
120,DrySign,icdemo-drysign.exela.global,Demo,TC003,eFA service (Download),chrome,PASSED,,2020-06-04 11:55:51 PM,2020-06-04 11:56:28 PM,00:00:37,
121,DrySign,icdemo-drysign.exela.global,Demo,TC001,Tomcat service (URL),chrome,PASSED,,2020-06-05 12:55:06 AM,2020-06-05 12:55:17 AM,00:00:11,
122,DrySign,icdemo-drysign.exela.global,Demo,TC002,ExelaAuth service (Login),chrome,PASSED,,2020-06-05 12:55:18 AM,2020-06-05 12:55:49 AM,00:00:31,
123,DrySign,icdemo-drysign.exela.global,Demo,TC003,eFA service (Download),chrome,PASSED,,2020-06-05 12:55:50 AM,2020-06-05 12:56:28 AM,00:00:38,
124,DrySign,icdemo-drysign.exela.global,Demo,TC001,Tomcat service (URL),chrome,PASSED,,2020-06-05 01:55:06 AM,2020-06-05 01:55:17 AM,00:00:11,
125,DrySign,icdemo-drysign.exela.global,Demo,TC002,ExelaAuth service (Login),chrome,PASSED,,2020-06-05 01:55:19 AM,2020-06-05 01:55:50 AM,00:00:31,
126,DrySign,icdemo-drysign.exela.global,Demo,TC003,eFA service (Download),chrome,PASSED,,2020-06-05 01:55:51 AM,2020-06-05 01:56:29 AM,00:00:38,
127,DrySign,icdemo-drysign.exela.global,Demo,TC001,Tomcat service (URL),chrome,PASSED,,2020-06-05 02:55:06 AM,2020-06-05 02:55:17 AM,00:00:11,
128,DrySign,icdemo-drysign.exela.global,Demo,TC002,ExelaAuth service (Login),chrome,PASSED,,2020-06-05 02:55:18 AM,2020-06-05 02:55:49 AM,00:00:31,
129,DrySign,icdemo-drysign.exela.global,Demo,TC003,eFA service (Download),chrome,PASSED,,2020-06-05 02:55:51 AM,2020-06-05 02:56:28 AM,00:00:37,
130,DrySign,icdemo-drysign.exela.global,Demo,TC001,Tomcat service (URL),chrome,PASSED,,2020-06-05 03:55:05 AM,2020-06-05 03:55:16 AM,00:00:11,
131,DrySign,icdemo-drysign.exela.global,Demo,TC002,ExelaAuth service (Login),chrome,PASSED,,2020-06-05 03:55:17 AM,2020-06-05 03:55:49 AM,00:00:32,
132,DrySign,icdemo-drysign.exela.global,Demo,TC003,eFA service (Download),chrome,PASSED,,2020-06-05 03:55:50 AM,2020-06-05 03:56:28 AM,00:00:38,
133,DrySign,icdemo-drysign.exela.global,Demo,TC001,Tomcat service (URL),chrome,PASSED,,2020-06-05 04:55:06 AM,2020-06-05 04:55:17 AM,00:00:11,
134,DrySign,icdemo-drysign.exela.global,Demo,TC002,ExelaAuth service (Login),chrome,PASSED,,2020-06-05 04:55:18 AM,2020-06-05 04:55:49 AM,00:00:31,
135,DrySign,icdemo-drysign.exela.global,Demo,TC003,eFA service (Download),chrome,PASSED,,2020-06-05 04:55:50 AM,2020-06-05 04:56:28 AM,00:00:38,
136,DrySign,icdemo-drysign.exela.global,Demo,TC001,Tomcat service (URL),chrome,PASSED,,2020-06-05 05:55:06 AM,2020-06-05 05:55:17 AM,00:00:11,
137,DrySign,icdemo-drysign.exela.global,Demo,TC002,ExelaAuth service (Login),chrome,PASSED,FailedStep: enter OTP "123456"--->ErrorDescription:  element not interactable
  (Session info: chrome=83.0.4103.61)
Build info: version: '3.141.59' revision: 'e82be7d358' time: '2018-11-14T08:25:48'
System info: host: 'ip-10-185-185-168.ec2.internal' ip: '10.185.185.168' os.name: 'Linux' os.arch: 'amd64' os.version: '3.10.0-1127.el7.x86_64' java.version: '1.8.0_252'
Driver info: org.openqa.selenium.chrome.ChromeDriver
Capabilities {acceptInsecureCerts: false browserName: chrome browserVersion: 83.0.4103.61 chrome: {chromedriverVersion: 83.0.4103.39 (ccbf011cb2d2b... userDataDir: /tmp/.com.google.Chrome.uWWxsS},2020-06-05 05:55:18 AM,2020-06-05 04:55:49 AM,00:00:31,
138,DrySign,icdemo-drysign.exela.global,Demo,TC003,eFA service (Download),chrome,PASSED,,2020-06-05 05:56:45 AM,2020-06-05 05:57:23 AM,00:00:38,
139,DrySign,icdemo-drysign.exela.global,Demo,TC001,Tomcat service (URL),chrome,PASSED,,2020-06-05 06:55:06 AM,2020-06-05 06:55:17 AM,00:00:11,
140,DrySign,icdemo-drysign.exela.global,Demo,TC002,ExelaAuth service (Login),chrome,PASSED,,2020-06-05 06:55:18 AM,2020-06-05 06:55:50 AM,00:00:32,
141,DrySign,icdemo-drysign.exela.global,Demo,TC003,eFA service (Download),chrome,PASSED,,2020-06-05 06:55:51 AM,2020-06-05 06:56:28 AM,00:00:37,
142,DrySign,icdemo-drysign.exela.global,Demo,TC001,Tomcat service (URL),chrome,PASSED,,2020-06-05 07:55:06 AM,2020-06-05 07:55:17 AM,00:00:11,
143,DrySign,icdemo-drysign.exela.global,Demo,TC002,ExelaAuth service (Login),chrome,PASSED,,2020-06-05 07:55:18 AM,2020-06-05 07:55:50 AM,00:00:32,
144,DrySign,icdemo-drysign.exela.global,Demo,TC003,eFA service (Download),chrome,PASSED,,2020-06-05 07:55:51 AM,2020-06-05 07:56:28 AM,00:00:37,
145,DrySign,icdemo-drysign.exela.global,Demo,TC001,Tomcat service (URL),chrome,PASSED,,2020-06-05 08:55:05 AM,2020-06-05 08:55:15 AM,00:00:10,
146,DrySign,icdemo-drysign.exela.global,Demo,TC002,ExelaAuth service (Login),chrome,PASSED,,2020-06-05 08:55:17 AM,2020-06-05 08:55:48 AM,00:00:31,
147,DrySign,icdemo-drysign.exela.global,Demo,TC003,eFA service (Download),chrome,PASSED,,2020-06-05 08:55:49 AM,2020-06-05 08:56:27 AM,00:00:38,
148,DrySign,icdemo-drysign.exela.global,Demo,TC001,Tomcat service (URL),chrome,PASSED,,2020-06-05 09:55:04 AM,2020-06-05 09:55:15 AM,00:00:11,
149,DrySign,icdemo-drysign.exela.global,Demo,TC002,ExelaAuth service (Login),chrome,PASSED,,2020-06-05 09:55:17 AM,2020-06-05 09:55:49 AM,00:00:32,
150,DrySign,icdemo-drysign.exela.global,Demo,TC003,eFA service (Download),chrome,PASSED,,2020-06-05 09:55:50 AM,2020-06-05 09:56:28 AM,00:00:38,
151,DrySign,icdemo-drysign.exela.global,Demo,TC001,Tomcat service (URL),chrome,PASSED,,2020-06-05 10:55:04 AM,2020-06-05 10:55:15 AM,00:00:11,
152,DrySign,icdemo-drysign.exela.global,Demo,TC002,ExelaAuth service (Login),chrome,PASSED,,2020-06-05 10:55:16 AM,2020-06-05 10:55:47 AM,00:00:31,
153,DrySign,icdemo-drysign.exela.global,Demo,TC003,eFA service (Download),chrome,PASSED,,2020-06-05 10:55:48 AM,2020-06-05 10:56:26 AM,00:00:38,
154,DrySign,icdemo-drysign.exela.global,Demo,TC001,Tomcat service (URL),chrome,PASSED,,2020-06-05 11:55:04 AM,2020-06-05 11:55:14 AM,00:00:10,
155,DrySign,icdemo-drysign.exela.global,Demo,TC002,ExelaAuth service (Login),chrome,PASSED,,2020-06-05 11:55:16 AM,2020-06-05 11:55:47 AM,00:00:31,
156,DrySign,icdemo-drysign.exela.global,Demo,TC003,eFA service (Download),chrome,PASSED,,2020-06-05 11:55:48 AM,2020-06-05 11:56:26 AM,00:00:38,
157,DrySign,icdemo-drysign.exela.global,Demo,TC001,Tomcat service (URL),chrome,PASSED,,2020-06-05 12:55:08 PM,2020-06-05 12:55:19 PM,00:00:11,
158,DrySign,icdemo-drysign.exela.global,Demo,TC002,ExelaAuth service (Login),chrome,PASSED,,2020-06-05 12:55:20 PM,2020-06-05 12:55:51 PM,00:00:31,
159,DrySign,icdemo-drysign.exela.global,Demo,TC003,eFA service (Download),chrome,PASSED,,2020-06-05 12:55:52 PM,2020-06-05 12:56:30 PM,00:00:38,
160,DrySign,icdemo-drysign.exela.global,Demo,TC001,Tomcat service (URL),chrome,PASSED,,2020-06-05 01:55:06 PM,2020-06-05 01:55:17 PM,00:00:11,
161,DrySign,icdemo-drysign.exela.global,Demo,TC002,ExelaAuth service (Login),chrome,PASSED,,2020-06-05 01:55:18 PM,2020-06-05 01:55:50 PM,00:00:32,
162,DrySign,icdemo-drysign.exela.global,Demo,TC003,eFA service (Download),chrome,PASSED,,2020-06-05 01:55:51 PM,2020-06-05 01:56:29 PM,00:00:38,
163,DrySign,icdemo-drysign.exela.global,Demo,TC001,Tomcat service (URL),chrome,PASSED,,2020-06-05 02:55:07 PM,2020-06-05 02:55:18 PM,00:00:11,
164,DrySign,icdemo-drysign.exela.global,Demo,TC002,ExelaAuth service (Login),chrome,PASSED,,2020-06-05 02:55:20 PM,2020-06-05 02:55:52 PM,00:00:32,
165,DrySign,icdemo-drysign.exela.global,Demo,TC003,eFA service (Download),chrome,PASSED,,2020-06-05 02:55:53 PM,2020-06-05 02:56:31 PM,00:00:38,
166,DrySign,icdemo-drysign.exela.global,Demo,TC001,Tomcat service (URL),chrome,PASSED,,2020-06-05 03:55:07 PM,2020-06-05 03:55:18 PM,00:00:11,
167,DrySign,icdemo-drysign.exela.global,Demo,TC002,ExelaAuth service (Login),chrome,PASSED,,2020-06-05 03:55:20 PM,2020-06-05 03:55:52 PM,00:00:32,
168,DrySign,icdemo-drysign.exela.global,Demo,TC003,eFA service (Download),chrome,PASSED,,2020-06-05 03:55:53 PM,2020-06-05 03:56:32 PM,00:00:39,
169,DrySign,icdemo-drysign.exela.global,Demo,TC001,Tomcat service (URL),chrome,PASSED,,2020-06-05 04:55:09 PM,2020-06-05 04:55:20 PM,00:00:11,
170,DrySign,icdemo-drysign.exela.global,Demo,TC002,ExelaAuth service (Login),chrome,PASSED,,2020-06-05 04:55:22 PM,2020-06-05 04:55:55 PM,00:00:33,
171,DrySign,icdemo-drysign.exela.global,Demo,TC003,eFA service (Download),chrome,PASSED,,2020-06-05 04:55:56 PM,2020-06-05 04:56:35 PM,00:00:39,
172,DrySign,icdemo-drysign.exela.global,Demo,TC001,Tomcat service (URL),chrome,PASSED,,2020-06-05 05:55:09 PM,2020-06-05 05:55:20 PM,00:00:11,
173,DrySign,icdemo-drysign.exela.global,Demo,TC002,ExelaAuth service (Login),chrome,PASSED,,2020-06-05 05:55:22 PM,2020-06-05 05:55:54 PM,00:00:32,
174,DrySign,icdemo-drysign.exela.global,Demo,TC003,eFA service (Download),chrome,PASSED,,2020-06-05 05:55:55 PM,2020-06-05 05:56:34 PM,00:00:39,
175,DrySign,icdemo-drysign.exela.global,Demo,TC001,Tomcat service (URL),chrome,PASSED,,2020-06-05 06:55:07 PM,2020-06-05 06:55:18 PM,00:00:11,
176,DrySign,icdemo-drysign.exela.global,Demo,TC002,ExelaAuth service (Login),chrome,PASSED,FailedStep: enter OTP "123456"--->ErrorDescription:  element not interactable  (Session info: chrome=83.0.4103.61)Build info: version: '3.141.59' revision: 'e82be7d358' time: '2018-11-14T08:25:48'System info: host: 'ip-10-185-185-168.ec2.internal' ip: '10.185.185.168' os.name: 'Linux' os.arch: 'amd64' os.version: '3.10.0-1127.el7.x86_64' java.version: '1.8.0_252'Driver info: org.openqa.selenium.chrome.ChromeDriverCapabilities {acceptInsecureCerts: false browserName: chrome browserVersion: 83.0.4103.61 chrome: {chromedriverVersion: 83.0.4103.39 (ccbf011cb2d2b... userDataDir: /tmp/.com.google.Chrome.zKoqai},2020-06-05 06:55:20 PM,2020-06-05 05:55:54 PM,00:00:32,
177,DrySign,icdemo-drysign.exela.global,Demo,TC003,eFA service (Download),chrome,PASSED,,2020-06-05 06:56:49 PM,2020-06-05 06:57:27 PM,00:00:38,
178,DrySign,icdemo-drysign.exela.global,Demo,TC001,Tomcat service (URL),chrome,PASSED,,2020-06-05 07:55:08 PM,2020-06-05 07:55:20 PM,00:00:12,
179,DrySign,icdemo-drysign.exela.global,Demo,TC002,ExelaAuth service (Login),chrome,PASSED,,2020-06-05 07:55:22 PM,2020-06-05 07:55:54 PM,00:00:32,
180,DrySign,icdemo-drysign.exela.global,Demo,TC003,eFA service (Download),chrome,PASSED,,2020-06-05 07:55:55 PM,2020-06-05 07:56:34 PM,00:00:39,
181,DrySign,icdemo-drysign.exela.global,Demo,TC001,Tomcat service (URL),chrome,PASSED,,2020-06-05 08:55:05 PM,2020-06-05 08:55:15 PM,00:00:10,
182,DrySign,icdemo-drysign.exela.global,Demo,TC002,ExelaAuth service (Login),chrome,PASSED,,2020-06-05 08:55:17 PM,2020-06-05 08:55:49 PM,00:00:32,
183,DrySign,icdemo-drysign.exela.global,Demo,TC003,eFA service (Download),chrome,PASSED,,2020-06-05 08:55:50 PM,2020-06-05 08:56:28 PM,00:00:38,
184,DrySign,icdemo-drysign.exela.global,Demo,TC001,Tomcat service (URL),chrome,PASSED,,2020-06-05 09:30:07 PM,2020-06-05 09:30:18 PM,00:00:11,
185,DrySign,icdemo-drysign.exela.global,Demo,TC002,ExelaAuth service (Login),chrome,PASSED,,2020-06-05 09:30:20 PM,2020-06-05 09:30:52 PM,00:00:32,
186,DrySign,icdemo-drysign.exela.global,Demo,TC003,eFA service (Download),chrome,PASSED,,2020-06-05 09:30:54 PM,2020-06-05 09:31:32 PM,00:00:38,
187,DrySign,icdemo-drysign.exela.global,Demo,TC001,Tomcat service (URL),chrome,PASSED,,2020-06-05 10:30:07 PM,2020-06-05 10:30:18 PM,00:00:11,
188,DrySign,icdemo-drysign.exela.global,Demo,TC002,ExelaAuth service (Login),chrome,PASSED,,2020-06-05 10:30:20 PM,2020-06-05 10:30:52 PM,00:00:32,
189,DrySign,icdemo-drysign.exela.global,Demo,TC003,eFA service (Download),chrome,PASSED,,2020-06-05 10:30:53 PM,2020-06-05 10:31:31 PM,00:00:38,
190,DrySign,icdemo-drysign.exela.global,Demo,TC001,Tomcat service (URL),chrome,PASSED,,2020-06-05 11:30:07 PM,2020-06-05 11:30:18 PM,00:00:11,
191,DrySign,icdemo-drysign.exela.global,Demo,TC002,ExelaAuth service (Login),chrome,PASSED,,2020-06-05 11:30:20 PM,2020-06-05 11:30:52 PM,00:00:32,
192,DrySign,icdemo-drysign.exela.global,Demo,TC003,eFA service (Download),chrome,PASSED,,2020-06-05 11:30:53 PM,2020-06-05 11:31:31 PM,00:00:38,
193,DrySign,icdemo-drysign.exela.global,Demo,TC001,Tomcat service (URL),chrome,PASSED,,2020-06-06 12:30:06 AM,2020-06-06 12:30:17 AM,00:00:11,
194,DrySign,icdemo-drysign.exela.global,Demo,TC002,ExelaAuth service (Login),chrome,PASSED,,2020-06-06 12:30:18 AM,2020-06-06 12:30:51 AM,00:00:33,
195,DrySign,icdemo-drysign.exela.global,Demo,TC003,eFA service (Download),chrome,PASSED,,2020-06-06 12:30:52 AM,2020-06-06 12:31:30 AM,00:00:38,
196,DrySign,icdemo-drysign.exela.global,Demo,TC001,Tomcat service (URL),chrome,PASSED,,2020-06-06 01:30:08 AM,2020-06-06 01:30:20 AM,00:00:12,
197,DrySign,icdemo-drysign.exela.global,Demo,TC002,ExelaAuth service (Login),chrome,PASSED,,2020-06-06 01:30:21 AM,2020-06-06 01:30:54 AM,00:00:33,
198,DrySign,icdemo-drysign.exela.global,Demo,TC003,eFA service (Download),chrome,PASSED,,2020-06-06 01:30:55 AM,2020-06-06 01:31:32 AM,00:00:37,
199,DrySign,icdemo-drysign.exela.global,Demo,TC001,Tomcat service (URL),chrome,PASSED,,2020-06-06 02:30:07 AM,2020-06-06 02:30:19 AM,00:00:12,
200,DrySign,icdemo-drysign.exela.global,Demo,TC002,ExelaAuth service (Login),chrome,PASSED,,2020-06-06 02:30:20 AM,2020-06-06 02:30:53 AM,00:00:33,
201,DrySign,icdemo-drysign.exela.global,Demo,TC003,eFA service (Download),chrome,PASSED,,2020-06-06 02:30:54 AM,2020-06-06 02:31:32 AM,00:00:38,
202,DrySign,icdemo-drysign.exela.global,Demo,TC001,Tomcat service (URL),chrome,PASSED,,2020-06-06 03:30:07 AM,2020-06-06 03:30:19 AM,00:00:12,
203,DrySign,icdemo-drysign.exela.global,Demo,TC002,ExelaAuth service (Login),chrome,PASSED,,2020-06-06 03:30:20 AM,2020-06-06 03:30:53 AM,00:00:33,
204,DrySign,icdemo-drysign.exela.global,Demo,TC003,eFA service (Download),chrome,PASSED,,2020-06-06 03:30:54 AM,2020-06-06 03:31:32 AM,00:00:38,
205,DrySign,icdemo-drysign.exela.global,Demo,TC001,Tomcat service (URL),chrome,PASSED,,2020-06-06 04:30:08 AM,2020-06-06 04:30:19 AM,00:00:11,
206,DrySign,icdemo-drysign.exela.global,Demo,TC002,ExelaAuth service (Login),chrome,PASSED,,2020-06-06 04:30:21 AM,2020-06-06 04:30:53 AM,00:00:32,
207,DrySign,icdemo-drysign.exela.global,Demo,TC003,eFA service (Download),chrome,PASSED,,2020-06-06 04:30:55 AM,2020-06-06 04:31:32 AM,00:00:37,
208,DrySign,icdemo-drysign.exela.global,Demo,TC001,Tomcat service (URL),chrome,PASSED,,2020-06-06 05:30:08 AM,2020-06-06 05:30:19 AM,00:00:11,
209,DrySign,icdemo-drysign.exela.global,Demo,TC002,ExelaAuth service (Login),chrome,PASSED,,2020-06-06 05:30:21 AM,2020-06-06 05:30:54 AM,00:00:33,
210,DrySign,icdemo-drysign.exela.global,Demo,TC003,eFA service (Download),chrome,PASSED,,2020-06-06 05:30:55 AM,2020-06-06 05:31:32 AM,00:00:37,
211,DrySign,icdemo-drysign.exela.global,Demo,TC001,Tomcat service (URL),chrome,PASSED,,2020-06-06 06:30:07 AM,2020-06-06 06:30:18 AM,00:00:11,
212,DrySign,icdemo-drysign.exela.global,Demo,TC002,ExelaAuth service (Login),chrome,PASSED,,2020-06-06 06:30:20 AM,2020-06-06 06:30:52 AM,00:00:32,
213,DrySign,icdemo-drysign.exela.global,Demo,TC003,eFA service (Download),chrome,PASSED,,2020-06-06 06:30:53 AM,2020-06-06 06:31:31 AM,00:00:38,
214,DrySign,icdemo-drysign.exela.global,Demo,TC001,Tomcat service (URL),chrome,PASSED,,2020-06-06 07:30:07 AM,2020-06-06 07:30:18 AM,00:00:11,
215,DrySign,icdemo-drysign.exela.global,Demo,TC002,ExelaAuth service (Login),chrome,PASSED,,2020-06-06 07:30:20 AM,2020-06-06 07:30:52 AM,00:00:32,
216,DrySign,icdemo-drysign.exela.global,Demo,TC003,eFA service (Download),chrome,PASSED,,2020-06-06 07:30:54 AM,2020-06-06 07:31:32 AM,00:00:38,
217,DrySign,icdemo-drysign.exela.global,Demo,TC001,Tomcat service (URL),chrome,PASSED,,2020-06-06 08:30:07 AM,2020-06-06 08:30:19 AM,00:00:12,
218,DrySign,icdemo-drysign.exela.global,Demo,TC002,ExelaAuth service (Login),chrome,PASSED,,2020-06-06 08:30:20 AM,2020-06-06 08:30:53 AM,00:00:33,
219,DrySign,icdemo-drysign.exela.global,Demo,TC003,eFA service (Download),chrome,PASSED,,2020-06-06 08:30:54 AM,2020-06-06 08:31:31 AM,00:00:37,
220,DrySign,icdemo-drysign.exela.global,Demo,TC001,Tomcat service (URL),chrome,PASSED,,2020-06-06 09:30:07 AM,2020-06-06 09:30:18 AM,00:00:11,
221,DrySign,icdemo-drysign.exela.global,Demo,TC002,ExelaAuth service (Login),chrome,PASSED,,2020-06-06 09:30:20 AM,2020-06-06 09:30:52 AM,00:00:32,
222,DrySign,icdemo-drysign.exela.global,Demo,TC003,eFA service (Download),chrome,PASSED,,2020-06-06 09:30:53 AM,2020-06-06 09:31:31 AM,00:00:38,
223,DrySign,icdemo-drysign.exela.global,Demo,TC001,Tomcat service (URL),chrome,PASSED,,2020-06-06 10:30:08 AM,2020-06-06 10:30:19 AM,00:00:11,
224,DrySign,icdemo-drysign.exela.global,Demo,TC002,ExelaAuth service (Login),chrome,PASSED,,2020-06-06 10:30:20 AM,2020-06-06 10:30:53 AM,00:00:33,
225,DrySign,icdemo-drysign.exela.global,Demo,TC003,eFA service (Download),chrome,PASSED,,2020-06-06 10:30:54 AM,2020-06-06 10:31:31 AM,00:00:37,
226,DrySign,icdemo-drysign.exela.global,Demo,TC001,Tomcat service (URL),chrome,PASSED,,2020-06-06 11:30:07 AM,2020-06-06 11:30:18 AM,00:00:11,
227,DrySign,icdemo-drysign.exela.global,Demo,TC002,ExelaAuth service (Login),chrome,PASSED,,2020-06-06 11:30:19 AM,2020-06-06 11:30:51 AM,00:00:32,
228,DrySign,icdemo-drysign.exela.global,Demo,TC003,eFA service (Download),chrome,PASSED,,2020-06-06 11:30:52 AM,2020-06-06 11:31:30 AM,00:00:38,
229,DrySign,icdemo-drysign.exela.global,Demo,TC001,Tomcat service (URL),chrome,PASSED,,2020-06-06 12:30:08 PM,2020-06-06 12:30:19 PM,00:00:11,
230,DrySign,icdemo-drysign.exela.global,Demo,TC002,ExelaAuth service (Login),chrome,PASSED,,2020-06-06 12:30:20 PM,2020-06-06 12:30:53 PM,00:00:33,
231,DrySign,icdemo-drysign.exela.global,Demo,TC003,eFA service (Download),chrome,PASSED,,2020-06-06 12:30:54 PM,2020-06-06 12:31:32 PM,00:00:38,
232,DrySign,icdemo-drysign.exela.global,Demo,TC001,Tomcat service (URL),chrome,PASSED,,2020-06-06 01:30:08 PM,2020-06-06 01:30:19 PM,00:00:11,
233,DrySign,icdemo-drysign.exela.global,Demo,TC002,ExelaAuth service (Login),chrome,PASSED,,2020-06-06 01:30:21 PM,2020-06-06 01:30:54 PM,00:00:33,
234,DrySign,icdemo-drysign.exela.global,Demo,TC003,eFA service (Download),chrome,PASSED,,2020-06-06 01:30:55 PM,2020-06-06 01:31:32 PM,00:00:37,
235,DrySign,icdemo-drysign.exela.global,Demo,TC001,Tomcat service (URL),chrome,PASSED,,2020-06-06 02:30:07 PM,2020-06-06 02:30:19 PM,00:00:12,
236,DrySign,icdemo-drysign.exela.global,Demo,TC002,ExelaAuth service (Login),chrome,PASSED,,2020-06-06 02:30:20 PM,2020-06-06 02:30:53 PM,00:00:33,
237,DrySign,icdemo-drysign.exela.global,Demo,TC003,eFA service (Download),chrome,PASSED,,2020-06-06 02:30:54 PM,2020-06-06 02:31:31 PM,00:00:37,
238,DrySign,icdemo-drysign.exela.global,Demo,TC001,Tomcat service (URL),chrome,PASSED,,2020-06-06 03:30:07 PM,2020-06-06 03:30:18 PM,00:00:11,
239,DrySign,icdemo-drysign.exela.global,Demo,TC002,ExelaAuth service (Login),chrome,PASSED,,2020-06-06 03:30:19 PM,2020-06-06 03:30:52 PM,00:00:33,
240,DrySign,icdemo-drysign.exela.global,Demo,TC003,eFA service (Download),chrome,PASSED,,2020-06-06 03:30:53 PM,2020-06-06 03:31:30 PM,00:00:37,
241,DrySign,icdemo-drysign.exela.global,Demo,TC001,Tomcat service (URL),chrome,PASSED,,2020-06-06 04:30:08 PM,2020-06-06 04:30:19 PM,00:00:11,
242,DrySign,icdemo-drysign.exela.global,Demo,TC002,ExelaAuth service (Login),chrome,PASSED,,2020-06-06 04:30:21 PM,2020-06-06 04:30:53 PM,00:00:32,
243,DrySign,icdemo-drysign.exela.global,Demo,TC003,eFA service (Download),chrome,PASSED,,2020-06-06 04:30:54 PM,2020-06-06 04:31:32 PM,00:00:38,
244,DrySign,icdemo-drysign.exela.global,Demo,TC001,Tomcat service (URL),chrome,PASSED,,2020-06-06 05:30:08 PM,2020-06-06 05:30:20 PM,00:00:12,
245,DrySign,icdemo-drysign.exela.global,Demo,TC002,ExelaAuth service (Login),chrome,PASSED,,2020-06-06 05:30:21 PM,2020-06-06 05:30:55 PM,00:00:34,
246,DrySign,icdemo-drysign.exela.global,Demo,TC003,eFA service (Download),chrome,PASSED,FailedStep: enter OTP "123456"--->ErrorDescription:  element not interactable  (Session info: chrome=83.0.4103.61)Build info: version: '3.141.59' revision: 'e82be7d358' time: '2018-11-14T08:25:48'System info: host: 'ip-10-185-185-168.ec2.internal' ip: '10.185.185.168' os.name: 'Linux' os.arch: 'amd64' os.version: '3.10.0-1127.el7.x86_64' java.version: '1.8.0_252'Driver info: org.openqa.selenium.chrome.ChromeDriverCapabilities {acceptInsecureCerts: false browserName: chrome browserVersion: 83.0.4103.61 chrome: {chromedriverVersion: 83.0.4103.39 (ccbf011cb2d2b... userDataDir: /tmp/.com.google.Chrome.qmBwmb},2020-06-06 05:30:56 PM,2020-06-06 04:31:32 PM,00:00:38,
247,DrySign,icdemo-drysign.exela.global,Demo,TC001,Tomcat service (URL),chrome,PASSED,,2020-06-06 06:30:08 PM,2020-06-06 06:30:19 PM,00:00:11,
248,DrySign,icdemo-drysign.exela.global,Demo,TC002,ExelaAuth service (Login),chrome,PASSED,,2020-06-06 06:30:21 PM,2020-06-06 06:30:53 PM,00:00:32,
249,DrySign,icdemo-drysign.exela.global,Demo,TC003,eFA service (Download),chrome,PASSED,,2020-06-06 06:30:54 PM,2020-06-06 06:31:32 PM,00:00:38,
250,DrySign,icdemo-drysign.exela.global,Demo,TC001,Tomcat service (URL),chrome,PASSED,,2020-06-06 07:30:08 PM,2020-06-06 07:30:20 PM,00:00:12,
251,DrySign,icdemo-drysign.exela.global,Demo,TC002,ExelaAuth service (Login),chrome,PASSED,,2020-06-06 07:30:23 PM,2020-06-06 07:30:56 PM,00:00:33,
252,DrySign,icdemo-drysign.exela.global,Demo,TC003,eFA service (Download),chrome,PASSED,,2020-06-06 07:30:57 PM,2020-06-06 07:31:35 PM,00:00:38,
253,DrySign,icdemo-drysign.exela.global,Demo,TC001,Tomcat service (URL),chrome,PASSED,,2020-06-06 08:30:08 PM,2020-06-06 08:30:19 PM,00:00:11,
254,DrySign,icdemo-drysign.exela.global,Demo,TC002,ExelaAuth service (Login),chrome,PASSED,,2020-06-06 08:30:21 PM,2020-06-06 08:30:54 PM,00:00:33,
255,DrySign,icdemo-drysign.exela.global,Demo,TC003,eFA service (Download),chrome,PASSED,,2020-06-06 08:30:55 PM,2020-06-06 08:31:33 PM,00:00:38,
256,DrySign,icdemo-drysign.exela.global,Demo,TC001,Tomcat service (URL),chrome,PASSED,,2020-06-06 09:30:08 PM,2020-06-06 09:30:19 PM,00:00:11,
257,DrySign,icdemo-drysign.exela.global,Demo,TC002,ExelaAuth service (Login),chrome,PASSED,,2020-06-06 09:30:21 PM,2020-06-06 09:30:53 PM,00:00:32,
258,DrySign,icdemo-drysign.exela.global,Demo,TC003,eFA service (Download),chrome,PASSED,,2020-06-06 09:30:54 PM,2020-06-06 09:31:32 PM,00:00:38,
259,DrySign,icdemo-drysign.exela.global,Demo,TC001,Tomcat service (URL),chrome,PASSED,,2020-06-06 10:30:08 PM,2020-06-06 10:30:20 PM,00:00:12,
260,DrySign,icdemo-drysign.exela.global,Demo,TC002,ExelaAuth service (Login),chrome,PASSED,,2020-06-06 10:30:21 PM,2020-06-06 10:30:54 PM,00:00:33,
261,DrySign,icdemo-drysign.exela.global,Demo,TC003,eFA service (Download),chrome,PASSED,,2020-06-06 10:30:55 PM,2020-06-06 10:31:32 PM,00:00:37,
262,DrySign,icdemo-drysign.exela.global,Demo,TC001,Tomcat service (URL),chrome,PASSED,,2020-06-06 11:30:07 PM,2020-06-06 11:30:19 PM,00:00:12,
263,DrySign,icdemo-drysign.exela.global,Demo,TC002,ExelaAuth service (Login),chrome,PASSED,,2020-06-06 11:30:20 PM,2020-06-06 11:30:53 PM,00:00:33,
264,DrySign,icdemo-drysign.exela.global,Demo,TC003,eFA service (Download),chrome,PASSED,,2020-06-06 11:30:54 PM,2020-06-06 11:31:32 PM,00:00:38,
265,DrySign,icdemo-drysign.exela.global,Demo,TC001,Tomcat service (URL),chrome,PASSED,,2020-06-07 12:30:09 AM,2020-06-07 12:30:20 AM,00:00:11,
266,DrySign,icdemo-drysign.exela.global,Demo,TC002,ExelaAuth service (Login),chrome,PASSED,,2020-06-07 12:30:21 AM,2020-06-07 12:30:53 AM,00:00:32,
267,DrySign,icdemo-drysign.exela.global,Demo,TC003,eFA service (Download),chrome,PASSED,,2020-06-07 12:30:54 AM,2020-06-07 12:31:32 AM,00:00:38,
268,DrySign,icdemo-drysign.exela.global,Demo,TC001,Tomcat service (URL),chrome,PASSED,,2020-06-07 01:30:09 AM,2020-06-07 01:30:20 AM,00:00:11,
269,DrySign,icdemo-drysign.exela.global,Demo,TC002,ExelaAuth service (Login),chrome,PASSED,,2020-06-07 01:30:21 AM,2020-06-07 01:30:54 AM,00:00:33,
270,DrySign,icdemo-drysign.exela.global,Demo,TC003,eFA service (Download),chrome,PASSED,,2020-06-07 01:30:55 AM,2020-06-07 01:31:33 AM,00:00:38,
271,DrySign,icdemo-drysign.exela.global,Demo,TC001,Tomcat service (URL),chrome,PASSED,,2020-06-07 06:34:09 AM,2020-06-07 06:34:32 AM,00:00:23,
272,DrySign,icdemo-drysign.exela.global,Demo,TC002,ExelaAuth service (Login),chrome,PASSED,,2020-06-07 06:34:33 AM,2020-06-07 06:35:06 AM,00:00:33,
273,DrySign,icdemo-drysign.exela.global,Demo,TC003,eFA service (Download),chrome,PASSED,,2020-06-07 06:35:08 AM,2020-06-07 06:35:46 AM,00:00:38,
274,DrySign,icdemo-drysign.exela.global,Demo,TC001,Tomcat service (URL),chrome,PASSED,,2020-06-07 07:30:09 AM,2020-06-07 07:30:20 AM,00:00:11,
275,DrySign,icdemo-drysign.exela.global,Demo,TC002,ExelaAuth service (Login),chrome,PASSED,,2020-06-07 07:30:21 AM,2020-06-07 07:30:53 AM,00:00:32,
276,DrySign,icdemo-drysign.exela.global,Demo,TC003,eFA service (Download),chrome,PASSED,,2020-06-07 07:30:54 AM,2020-06-07 07:31:32 AM,00:00:38,
277,DrySign,icdemo-drysign.exela.global,Demo,TC001,Tomcat service (URL),chrome,PASSED,,2020-06-07 09:30:08 AM,2020-06-07 09:30:19 AM,00:00:11,
278,DrySign,icdemo-drysign.exela.global,Demo,TC002,ExelaAuth service (Login),chrome,PASSED,,2020-06-07 09:30:21 AM,2020-06-07 09:30:54 AM,00:00:33,
279,DrySign,icdemo-drysign.exela.global,Demo,TC003,eFA service (Download),chrome,PASSED,,2020-06-07 09:30:55 AM,2020-06-07 09:31:33 AM,00:00:38,
280,DrySign,icdemo-drysign.exela.global,Demo,TC001,Tomcat service (URL),chrome,PASSED,,2020-06-07 03:33:24 PM,2020-06-07 03:33:35 PM,00:00:11,
281,DrySign,icdemo-drysign.exela.global,Demo,TC002,ExelaAuth service (Login),chrome,PASSED,,2020-06-07 03:33:36 PM,2020-06-07 03:34:08 PM,00:00:32,
282,DrySign,icdemo-drysign.exela.global,Demo,TC003,eFA service (Download),chrome,PASSED,,2020-06-07 03:34:10 PM,2020-06-07 03:34:53 PM,00:00:43,
283,DrySign,icdemo-drysign.exela.global,Demo,TC001,Tomcat service (URL),chrome,PASSED,,2020-06-07 04:30:09 PM,2020-06-07 04:30:20 PM,00:00:11,
284,DrySign,icdemo-drysign.exela.global,Demo,TC002,ExelaAuth service (Login),chrome,PASSED,,2020-06-07 04:30:22 PM,2020-06-07 04:30:54 PM,00:00:32,
285,DrySign,icdemo-drysign.exela.global,Demo,TC003,eFA service (Download),chrome,PASSED,,2020-06-07 04:30:55 PM,2020-06-07 04:31:33 PM,00:00:38,
286,DrySign,icdemo-drysign.exela.global,Demo,TC001,Tomcat service (URL),chrome,PASSED,,2020-06-07 04:30:09 PM,2020-06-07 04:30:20 PM,00:00:11,
287,DrySign,icdemo-drysign.exela.global,Demo,TC002,ExelaAuth service (Login),chrome,PASSED,,2020-06-07 04:30:22 PM,2020-06-07 04:30:54 PM,00:00:32,
288,DrySign,icdemo-drysign.exela.global,Demo,TC003,eFA service (Download),chrome,PASSED,,2020-06-07 07:38:49 PM,2020-06-07 04:31:33 PM,00:00:38,
289,DrySign,icdemo-drysign.exela.global,Demo,TC001,Tomcat service (URL),chrome,PASSED,,2020-06-07 09:30:09 PM,2020-06-07 09:30:26 PM,00:00:17,
290,DrySign,icdemo-drysign.exela.global,Demo,TC002,ExelaAuth service (Login),chrome,PASSED,,2020-06-07 09:30:27 PM,2020-06-07 09:30:59 PM,00:00:32,
291,DrySign,icdemo-drysign.exela.global,Demo,TC003,eFA service (Download),chrome,PASSED,,2020-06-07 09:31:00 PM,2020-06-07 09:31:38 PM,00:00:38,
292,DrySign,icdemo-drysign.exela.global,Demo,TC001,Tomcat service (URL),chrome,PASSED,,2020-06-07 10:30:09 PM,2020-06-07 10:30:20 PM,00:00:11,
293,DrySign,icdemo-drysign.exela.global,Demo,TC002,ExelaAuth service (Login),chrome,PASSED,,2020-06-07 10:30:21 PM,2020-06-07 10:30:53 PM,00:00:32,
294,DrySign,icdemo-drysign.exela.global,Demo,TC003,eFA service (Download),chrome,PASSED,,2020-06-07 10:30:54 PM,2020-06-07 10:31:32 PM,00:00:38,
295,DrySign,icdemo-drysign.exela.global,Demo,TC001,Tomcat service (URL),chrome,PASSED,,2020-06-07 11:30:10 PM,2020-06-07 11:30:21 PM,00:00:11,
296,DrySign,icdemo-drysign.exela.global,Demo,TC002,ExelaAuth service (Login),chrome,PASSED,,2020-06-07 11:30:22 PM,2020-06-07 11:30:54 PM,00:00:32,
297,DrySign,icdemo-drysign.exela.global,Demo,TC003,eFA service (Download),chrome,PASSED,,2020-06-07 11:30:55 PM,2020-06-07 11:31:33 PM,00:00:38,
298,DrySign,icdemo-drysign.exela.global,Demo,TC001,Tomcat service (URL),chrome,PASSED,,2020-06-08 12:30:09 AM,2020-06-08 12:30:27 AM,00:00:18,
299,DrySign,icdemo-drysign.exela.global,Demo,TC002,ExelaAuth service (Login),chrome,PASSED,,2020-06-08 12:30:28 AM,2020-06-08 12:31:00 AM,00:00:32,
300,DrySign,icdemo-drysign.exela.global,Demo,TC003,eFA service (Download),chrome,PASSED,,2020-06-08 12:31:01 AM,2020-06-08 12:31:39 AM,00:00:38,
301,DrySign,icdemo-drysign.exela.global,Demo,TC001,Tomcat service (URL),chrome,PASSED,,2020-06-08 06:30:08 AM,2020-06-08 06:30:20 AM,00:00:12,
302,DrySign,icdemo-drysign.exela.global,Demo,TC002,ExelaAuth service (Login),chrome,PASSED,,2020-06-08 06:30:22 AM,2020-06-08 06:30:56 AM,00:00:34,
303,DrySign,icdemo-drysign.exela.global,Demo,TC003,eFA service (Download),chrome,PASSED,,2020-06-08 06:30:58 AM,2020-06-08 06:31:36 AM,00:00:38,
304,DrySign,icdemo-drysign.exela.global,Demo,TC001,Tomcat service (URL),chrome,PASSED,,2020-06-08 10:30:08 AM,2020-06-08 10:30:20 AM,00:00:12,
305,DrySign,icdemo-drysign.exela.global,Demo,TC002,ExelaAuth service (Login),chrome,PASSED,,2020-06-08 10:30:22 AM,2020-06-08 10:30:54 AM,00:00:32,
306,DrySign,icdemo-drysign.exela.global,Demo,TC003,eFA service (Download),chrome,PASSED,,2020-06-08 10:30:56 AM,2020-06-08 10:31:34 AM,00:00:38,
307,DrySign,icdemo-drysign.exela.global,Demo,TC001,Tomcat service (URL),chrome,PASSED,,2020-06-08 11:30:10 AM,2020-06-08 11:30:22 AM,00:00:12,
308,DrySign,icdemo-drysign.exela.global,Demo,TC002,ExelaAuth service (Login),chrome,PASSED,,2020-06-08 11:30:28 AM,2020-06-08 10:30:54 AM,00:00:32,
309,DrySign,icdemo-drysign.exela.global,Demo,TC003,eFA service (Download),chrome,PASSED,,2020-06-08 10:30:56 AM,2020-06-08 10:31:34 AM,00:00:38,
310,DrySign,icdemo-drysign.exela.global,Demo,TC001,Tomcat service (URL),chrome,PASSED,,2020-06-10 12:50:10 PM,2020-06-10 12:50:20 PM,00:00:10,
311,DrySign,icdemo-drysign.exela.global,Demo,TC002,ExelaAuth service (Login),chrome,PASSED,,2020-06-10 12:50:21 PM,2020-06-10 12:50:53 PM,00:00:32,
312,DrySign,icdemo-drysign.exela.global,Demo,TC003,eFA service (Download),chrome,PASSED,,2020-06-10 12:50:54 PM,2020-06-10 12:51:33 PM,00:00:39,
313,DrySign,icdemo-drysign.exela.global,Demo,TC001,Tomcat service (URL),chrome,PASSED,,2020-06-10 12:55:15 PM,2020-06-10 12:55:26 PM,00:00:11,
314,DrySign,icdemo-drysign.exela.global,Demo,TC002,ExelaAuth service (Login),chrome,PASSED,,2020-06-10 12:55:27 PM,2020-06-10 12:56:00 PM,00:00:33,
315,DrySign,icdemo-drysign.exela.global,Demo,TC003,eFA service (Download),chrome,PASSED,,2020-06-10 12:56:01 PM,2020-06-10 12:56:40 PM,00:00:39,
316,DrySign,icdemo-drysign.exela.global,Demo,TC001,Tomcat service (URL),chrome,PASSED,,2020-06-10 01:30:04 PM,2020-06-10 01:30:15 PM,00:00:11,
317,DrySign,icdemo-drysign.exela.global,Demo,TC002,ExelaAuth service (Login),chrome,PASSED,,2020-06-10 01:30:16 PM,2020-06-10 01:30:47 PM,00:00:31,
318,DrySign,icdemo-drysign.exela.global,Demo,TC003,eFA service (Download),chrome,PASSED,,2020-06-10 01:30:49 PM,2020-06-10 01:31:26 PM,00:00:37,
319,DrySign,icdemo-drysign.exela.global,Demo,TC001,Tomcat service (URL),chrome,PASSED,,2020-06-10 02:30:04 PM,2020-06-10 02:30:15 PM,00:00:11,
320,DrySign,icdemo-drysign.exela.global,Demo,TC002,ExelaAuth service (Login),chrome,PASSED,,2020-06-10 02:30:16 PM,2020-06-10 02:30:48 PM,00:00:32,
321,DrySign,icdemo-drysign.exela.global,Demo,TC003,eFA service (Download),chrome,PASSED,,2020-06-10 02:30:49 PM,2020-06-10 02:31:27 PM,00:00:38,
322,DrySign,icdemo-drysign.exela.global,Demo,TC001,Tomcat service (URL),chrome,PASSED,,2020-06-10 03:30:05 PM,2020-06-10 03:30:16 PM,00:00:11,
323,DrySign,icdemo-drysign.exela.global,Demo,TC002,ExelaAuth service (Login),chrome,PASSED,,2020-06-10 03:30:17 PM,2020-06-10 03:30:48 PM,00:00:31,
324,DrySign,icdemo-drysign.exela.global,Demo,TC003,eFA service (Download),chrome,PASSED,,2020-06-10 03:30:49 PM,2020-06-10 03:31:27 PM,00:00:38,
325,DrySign,icdemo-drysign.exela.global,Demo,TC001,Tomcat service (URL),chrome,PASSED,,2020-06-10 04:30:05 PM,2020-06-10 04:30:15 PM,00:00:10,
326,DrySign,icdemo-drysign.exela.global,Demo,TC002,ExelaAuth service (Login),chrome,PASSED,,2020-06-10 04:30:17 PM,2020-06-10 04:30:48 PM,00:00:31,
327,DrySign,icdemo-drysign.exela.global,Demo,TC003,eFA service (Download),chrome,PASSED,,2020-06-10 04:30:49 PM,2020-06-10 04:31:27 PM,00:00:38,
328,DrySign,icdemo-drysign.exela.global,Demo,TC001,Tomcat service (URL),chrome,PASSED,,2020-06-10 05:30:04 PM,2020-06-10 05:30:15 PM,00:00:11,
329,DrySign,icdemo-drysign.exela.global,Demo,TC002,ExelaAuth service (Login),chrome,PASSED,,2020-06-10 05:30:16 PM,2020-06-10 05:30:47 PM,00:00:31,
330,DrySign,icdemo-drysign.exela.global,Demo,TC003,eFA service (Download),chrome,PASSED,,2020-06-10 05:30:48 PM,2020-06-10 05:31:26 PM,00:00:38,
331,DrySign,icdemo-drysign.exela.global,Demo,TC001,Tomcat service (URL),chrome,PASSED,,2020-06-10 06:30:04 PM,2020-06-10 06:30:15 PM,00:00:11,
332,DrySign,icdemo-drysign.exela.global,Demo,TC002,ExelaAuth service (Login),chrome,PASSED,,2020-06-10 06:30:16 PM,2020-06-10 06:30:47 PM,00:00:31,
333,DrySign,icdemo-drysign.exela.global,Demo,TC003,eFA service (Download),chrome,PASSED,,2020-06-10 06:30:49 PM,2020-06-10 06:31:26 PM,00:00:37,
334,DrySign,icdemo-drysign.exela.global,Demo,TC001,Tomcat service (URL),chrome,PASSED,,2020-06-10 07:30:05 PM,2020-06-10 07:30:15 PM,00:00:10,
335,DrySign,icdemo-drysign.exela.global,Demo,TC002,ExelaAuth service (Login),chrome,PASSED,,2020-06-10 07:30:16 PM,2020-06-10 07:30:48 PM,00:00:32,
336,DrySign,icdemo-drysign.exela.global,Demo,TC003,eFA service (Download),chrome,PASSED,,2020-06-10 07:30:49 PM,2020-06-10 07:31:27 PM,00:00:38,
337,DrySign,icdemo-drysign.exela.global,Demo,TC001,Tomcat service (URL),chrome,PASSED,,2020-06-10 08:30:04 PM,2020-06-10 08:30:15 PM,00:00:11,
338,DrySign,icdemo-drysign.exela.global,Demo,TC002,ExelaAuth service (Login),chrome,PASSED,,2020-06-10 08:30:16 PM,2020-06-10 08:30:48 PM,00:00:32,
339,DrySign,icdemo-drysign.exela.global,Demo,TC003,eFA service (Download),chrome,PASSED,,2020-06-10 08:30:49 PM,2020-06-10 08:31:27 PM,00:00:38,
340,DrySign,icdemo-drysign.exela.global,Demo,TC001,Tomcat service (URL),chrome,PASSED,,2020-06-10 09:30:05 PM,2020-06-10 09:30:15 PM,00:00:10,
341,DrySign,icdemo-drysign.exela.global,Demo,TC002,ExelaAuth service (Login),chrome,PASSED,,2020-06-10 09:30:17 PM,2020-06-10 09:30:48 PM,00:00:31,
342,DrySign,icdemo-drysign.exela.global,Demo,TC003,eFA service (Download),chrome,PASSED,,2020-06-10 09:30:49 PM,2020-06-10 09:31:27 PM,00:00:38,
343,DrySign,icdemo-drysign.exela.global,Demo,TC001,Tomcat service (URL),chrome,PASSED,,2020-06-10 10:30:04 PM,2020-06-10 10:30:15 PM,00:00:11,
344,DrySign,icdemo-drysign.exela.global,Demo,TC002,ExelaAuth service (Login),chrome,PASSED,,2020-06-10 10:30:16 PM,2020-06-10 10:30:48 PM,00:00:32,
345,DrySign,icdemo-drysign.exela.global,Demo,TC003,eFA service (Download),chrome,PASSED,FailedStep: enter OTP "123456"--->ErrorDescription:  element not interactable  (Session info: chrome=83.0.4103.61)Build info: version: '3.141.59' revision: 'e82be7d358' time: '2018-11-14T08:25:48'System info: host: 'ip-10-185-185-168.ec2.internal' ip: '10.185.185.168' os.name: 'Linux' os.arch: 'amd64' os.version: '3.10.0-1127.8.2.el7.x86_64' java.version: '1.8.0_252'Driver info: org.openqa.selenium.chrome.ChromeDriverCapabilities {acceptInsecureCerts: false browserName: chrome browserVersion: 83.0.4103.61 chrome: {chromedriverVersion: 83.0.4103.39 (ccbf011cb2d2b... userDataDir: /tmp/.com.google.Chrome.avwwfN},2020-06-10 10:30:49 PM,2020-06-10 09:31:27 PM,00:00:38,
346,DrySign,icdemo-drysign.exela.global,Demo,TC001,Tomcat service (URL),chrome,PASSED,,2020-06-10 11:30:04 PM,2020-06-10 11:30:15 PM,00:00:11,
347,DrySign,icdemo-drysign.exela.global,Demo,TC002,ExelaAuth service (Login),chrome,PASSED,,2020-06-10 11:30:16 PM,2020-06-10 11:30:47 PM,00:00:31,
348,DrySign,icdemo-drysign.exela.global,Demo,TC003,eFA service (Download),chrome,PASSED,,2020-06-10 11:30:49 PM,2020-06-10 11:31:26 PM,00:00:37,
349,DrySign,icdemo-drysign.exela.global,Demo,TC001,Tomcat service (URL),chrome,PASSED,,2020-06-11 12:30:05 AM,2020-06-11 12:30:15 AM,00:00:10,
350,DrySign,icdemo-drysign.exela.global,Demo,TC002,ExelaAuth service (Login),chrome,PASSED,,2020-06-11 12:30:16 AM,2020-06-11 12:30:48 AM,00:00:32,
351,DrySign,icdemo-drysign.exela.global,Demo,TC003,eFA service (Download),chrome,PASSED,,2020-06-11 12:30:49 AM,2020-06-11 12:31:27 AM,00:00:38,
352,DrySign,icdemo-drysign.exela.global,Demo,TC001,Tomcat service (URL),chrome,PASSED,,2020-06-11 01:30:05 AM,2020-06-11 01:30:15 AM,00:00:10,
353,DrySign,icdemo-drysign.exela.global,Demo,TC002,ExelaAuth service (Login),chrome,PASSED,,2020-06-11 01:30:17 AM,2020-06-11 01:30:48 AM,00:00:31,
354,DrySign,icdemo-drysign.exela.global,Demo,TC003,eFA service (Download),chrome,PASSED,,2020-06-11 01:30:49 AM,2020-06-11 01:31:27 AM,00:00:38,
355,DrySign,icdemo-drysign.exela.global,Demo,TC001,Tomcat service (URL),chrome,PASSED,,2020-06-11 02:30:05 AM,2020-06-11 02:30:20 AM,00:00:15,
356,DrySign,icdemo-drysign.exela.global,Demo,TC002,ExelaAuth service (Login),chrome,PASSED,,2020-06-11 02:30:22 AM,2020-06-11 02:30:53 AM,00:00:31,
357,DrySign,icdemo-drysign.exela.global,Demo,TC003,eFA service (Download),chrome,PASSED,,2020-06-11 02:30:54 AM,2020-06-11 02:31:32 AM,00:00:38,
358,DrySign,icdemo-drysign.exela.global,Demo,TC001,Tomcat service (URL),chrome,PASSED,,2020-06-11 03:30:05 AM,2020-06-11 03:30:15 AM,00:00:10,
359,DrySign,icdemo-drysign.exela.global,Demo,TC002,ExelaAuth service (Login),chrome,PASSED,,2020-06-11 03:30:17 AM,2020-06-11 03:30:48 AM,00:00:31,
360,DrySign,icdemo-drysign.exela.global,Demo,TC003,eFA service (Download),chrome,PASSED,,2020-06-11 03:30:49 AM,2020-06-11 03:31:27 AM,00:00:38,
361,DrySign,icdemo-drysign.exela.global,Demo,TC001,Tomcat service (URL),chrome,PASSED,,2020-06-11 04:30:05 AM,2020-06-11 04:30:15 AM,00:00:10,
362,DrySign,icdemo-drysign.exela.global,Demo,TC002,ExelaAuth service (Login),chrome,PASSED,,2020-06-11 04:30:17 AM,2020-06-11 04:30:48 AM,00:00:31,
363,DrySign,icdemo-drysign.exela.global,Demo,TC003,eFA service (Download),chrome,PASSED,,2020-06-11 04:30:49 AM,2020-06-11 04:31:27 AM,00:00:38,
364,DrySign,icdemo-drysign.exela.global,Demo,TC001,Tomcat service (URL),chrome,PASSED,,2020-06-11 05:30:05 AM,2020-06-11 05:30:15 AM,00:00:10,
365,DrySign,icdemo-drysign.exela.global,Demo,TC002,ExelaAuth service (Login),chrome,PASSED,,2020-06-11 05:30:16 AM,2020-06-11 05:30:48 AM,00:00:32,
366,DrySign,icdemo-drysign.exela.global,Demo,TC003,eFA service (Download),chrome,PASSED,,2020-06-11 05:30:49 AM,2020-06-11 05:31:27 AM,00:00:38,
367,DrySign,icdemo-drysign.exela.global,Demo,TC001,Tomcat service (URL),chrome,PASSED,,2020-06-11 06:30:06 AM,2020-06-11 06:30:17 AM,00:00:11,
368,DrySign,icdemo-drysign.exela.global,Demo,TC002,ExelaAuth service (Login),chrome,PASSED,,2020-06-11 06:30:18 AM,2020-06-11 06:30:51 AM,00:00:33,
369,DrySign,icdemo-drysign.exela.global,Demo,TC003,eFA service (Download),chrome,PASSED,,2020-06-11 06:30:54 AM,2020-06-11 06:31:35 AM,00:00:41,
370,DrySign,icdemo-drysign.exela.global,Demo,TC001,Tomcat service (URL),chrome,PASSED,,2020-06-11 07:30:05 AM,2020-06-11 07:30:15 AM,00:00:10,
371,DrySign,icdemo-drysign.exela.global,Demo,TC002,ExelaAuth service (Login),chrome,PASSED,,2020-06-11 07:30:17 AM,2020-06-11 07:30:48 AM,00:00:31,
372,DrySign,icdemo-drysign.exela.global,Demo,TC003,eFA service (Download),chrome,PASSED,,2020-06-11 07:30:49 AM,2020-06-11 07:31:27 AM,00:00:38,
373,DrySign,icdemo-drysign.exela.global,Demo,TC001,Tomcat service (URL),chrome,FAILED,,2020-06-11 08:30:05 AM,2020-06-11 08:30:42 AM,00:00:37,
374,DrySign,icdemo-drysign.exela.global,Demo,TC002,ExelaAuth service (Login),chrome,FAILED,,2020-06-11 08:30:43 AM,2020-06-11 08:31:19 AM,00:00:36,
375,DrySign,icdemo-drysign.exela.global,Demo,TC003,eFA service (Download),chrome,FAILED,,2020-06-11 08:31:21 AM,2020-06-11 08:31:57 AM,00:00:36,
376,DrySign,icdemo-drysign.exela.global,Demo,TC001,Tomcat service (URL),chrome,PASSED,,2020-06-11 10:30:05 AM,2020-06-11 10:30:15 AM,00:00:10,
377,DrySign,icdemo-drysign.exela.global,Demo,TC002,ExelaAuth service (Login),chrome,PASSED,,2020-06-11 10:30:17 AM,2020-06-11 10:30:48 AM,00:00:31,
378,DrySign,icdemo-drysign.exela.global,Demo,TC003,eFA service (Download),chrome,PASSED,,2020-06-11 10:30:49 AM,2020-06-11 10:31:30 AM,00:00:41,
379,DrySign,icdemo-drysign.exela.global,Demo,TC001,Tomcat service (URL),chrome,PASSED,,2020-06-11 12:30:06 PM,2020-06-11 12:30:16 PM,00:00:10,
380,DrySign,icdemo-drysign.exela.global,Demo,TC002,ExelaAuth service (Login),chrome,PASSED,,2020-06-11 12:30:17 PM,2020-06-11 12:30:49 PM,00:00:32,
381,DrySign,icdemo-drysign.exela.global,Demo,TC003,eFA service (Download),chrome,PASSED,,2020-06-11 12:30:50 PM,2020-06-11 12:31:28 PM,00:00:38,
382,DrySign,icdemo-drysign.exela.global,Demo,TC001,Tomcat service (URL),chrome,PASSED,,2020-06-11 01:30:06 PM,2020-06-11 01:30:16 PM,00:00:10,
383,DrySign,icdemo-drysign.exela.global,Demo,TC002,ExelaAuth service (Login),chrome,PASSED,,2020-06-11 01:30:17 PM,2020-06-11 01:30:49 PM,00:00:32,
384,DrySign,icdemo-drysign.exela.global,Demo,TC003,eFA service (Download),chrome,PASSED,,2020-06-11 01:30:50 PM,2020-06-11 01:31:28 PM,00:00:38,
385,DrySign,icdemo-drysign.exela.global,Demo,TC001,Tomcat service (URL),chrome,PASSED,,2020-06-11 02:30:05 PM,2020-06-11 02:30:16 PM,00:00:11,
386,DrySign,icdemo-drysign.exela.global,Demo,TC002,ExelaAuth service (Login),chrome,PASSED,,2020-06-11 02:30:17 PM,2020-06-11 02:30:49 PM,00:00:32,
387,DrySign,icdemo-drysign.exela.global,Demo,TC003,eFA service (Download),chrome,PASSED,,2020-06-11 02:30:50 PM,2020-06-11 02:31:28 PM,00:00:38,
388,DrySign,icdemo-drysign.exela.global,Demo,TC001,Tomcat service (URL),chrome,PASSED,,2020-06-11 03:30:05 PM,2020-06-11 03:30:16 PM,00:00:11,
389,DrySign,icdemo-drysign.exela.global,Demo,TC002,ExelaAuth service (Login),chrome,PASSED,,2020-06-11 03:30:17 PM,2020-06-11 03:30:49 PM,00:00:32,
390,DrySign,icdemo-drysign.exela.global,Demo,TC003,eFA service (Download),chrome,PASSED,,2020-06-11 03:30:50 PM,2020-06-11 03:31:28 PM,00:00:38,
391,DrySign,icdemo-drysign.exela.global,Demo,TC001,Tomcat service (URL),chrome,PASSED,,2020-06-11 04:30:06 PM,2020-06-11 04:30:17 PM,00:00:11,
392,DrySign,icdemo-drysign.exela.global,Demo,TC002,ExelaAuth service (Login),chrome,PASSED,,2020-06-11 04:30:18 PM,2020-06-11 04:30:50 PM,00:00:32,
393,DrySign,icdemo-drysign.exela.global,Demo,TC003,eFA service (Download),chrome,PASSED,,2020-06-11 04:30:51 PM,2020-06-11 04:31:29 PM,00:00:38,
394,DrySign,icdemo-drysign.exela.global,Demo,TC001,Tomcat service (URL),chrome,PASSED,,2020-06-11 05:30:06 PM,2020-06-11 05:30:17 PM,00:00:11,
395,DrySign,icdemo-drysign.exela.global,Demo,TC002,ExelaAuth service (Login),chrome,PASSED,,2020-06-11 05:30:18 PM,2020-06-11 05:30:50 PM,00:00:32,
396,DrySign,icdemo-drysign.exela.global,Demo,TC003,eFA service (Download),chrome,PASSED,,2020-06-11 05:30:51 PM,2020-06-11 05:31:29 PM,00:00:38,
397,DrySign,icdemo-drysign.exela.global,Demo,TC001,Tomcat service (URL),chrome,PASSED,,2020-06-11 07:30:06 PM,2020-06-11 07:30:16 PM,00:00:10,
398,DrySign,icdemo-drysign.exela.global,Demo,TC002,ExelaAuth service (Login),chrome,PASSED,,2020-06-11 07:30:17 PM,2020-06-11 07:30:49 PM,00:00:32,
399,DrySign,icdemo-drysign.exela.global,Demo,TC003,eFA service (Download),chrome,PASSED,,2020-06-11 07:30:50 PM,2020-06-11 07:31:28 PM,00:00:38,
400,DrySign,icdemo-drysign.exela.global,Demo,TC001,Tomcat service (URL),chrome,PASSED,,2020-06-11 08:30:05 PM,2020-06-11 08:30:16 PM,00:00:11,
401,DrySign,icdemo-drysign.exela.global,Demo,TC002,ExelaAuth service (Login),chrome,PASSED,,2020-06-11 08:30:18 PM,2020-06-11 08:30:50 PM,00:00:32,
402,DrySign,icdemo-drysign.exela.global,Demo,TC003,eFA service (Download),chrome,PASSED,,2020-06-11 08:30:51 PM,2020-06-11 08:31:34 PM,00:00:43,
403,DrySign,icdemo-drysign.exela.global,Demo,TC001,Tomcat service (URL),chrome,PASSED,,2020-06-11 09:30:04 PM,2020-06-11 09:30:15 PM,00:00:11,
404,DrySign,icdemo-drysign.exela.global,Demo,TC002,ExelaAuth service (Login),chrome,PASSED,,2020-06-11 09:30:16 PM,2020-06-11 09:30:48 PM,00:00:32,
405,DrySign,icdemo-drysign.exela.global,Demo,TC003,eFA service (Download),chrome,PASSED,,2020-06-11 09:30:49 PM,2020-06-11 09:31:27 PM,00:00:38,
406,DrySign,icdemo-drysign.exela.global,Demo,TC001,Tomcat service (URL),chrome,PASSED,,2020-06-11 10:30:04 PM,2020-06-11 10:30:14 PM,00:00:10,
407,DrySign,icdemo-drysign.exela.global,Demo,TC002,ExelaAuth service (Login),chrome,PASSED,,2020-06-11 10:30:16 PM,2020-06-11 10:30:47 PM,00:00:31,
408,DrySign,icdemo-drysign.exela.global,Demo,TC003,eFA service (Download),chrome,PASSED,,2020-06-11 10:30:48 PM,2020-06-11 10:31:26 PM,00:00:38,
409,DrySign,icdemo-drysign.exela.global,Demo,TC001,Tomcat service (URL),chrome,PASSED,,2020-06-11 11:04:04 PM,2020-06-11 11:04:15 PM,00:00:11,
410,DrySign,icdemo-drysign.exela.global,Demo,TC002,ExelaAuth service (Login),chrome,PASSED,,2020-06-11 11:04:16 PM,2020-06-11 11:04:48 PM,00:00:32,
411,DrySign,icdemo-drysign.exela.global,Demo,TC003,eFA service (Download),chrome,PASSED,,2020-06-11 11:04:49 PM,2020-06-11 11:05:27 PM,00:00:38,
412,DrySign,icdemo-drysign.exela.global,Demo,TC001,Tomcat service (URL),chrome,PASSED,,2020-06-12 12:04:05 AM,2020-06-12 12:04:15 AM,00:00:10,
413,DrySign,icdemo-drysign.exela.global,Demo,TC002,ExelaAuth service (Login),chrome,PASSED,,2020-06-12 12:04:17 AM,2020-06-12 12:04:49 AM,00:00:32,
414,DrySign,icdemo-drysign.exela.global,Demo,TC003,eFA service (Download),chrome,PASSED,,2020-06-12 12:04:50 AM,2020-06-12 12:05:27 AM,00:00:37,
415,DrySign,icdemo-drysign.exela.global,Demo,TC001,Tomcat service (URL),chrome,PASSED,,2020-06-12 01:04:05 AM,2020-06-12 01:04:15 AM,00:00:10,
416,DrySign,icdemo-drysign.exela.global,Demo,TC002,ExelaAuth service (Login),chrome,PASSED,,2020-06-12 01:04:17 AM,2020-06-12 01:04:48 AM,00:00:31,
417,DrySign,icdemo-drysign.exela.global,Demo,TC003,eFA service (Download),chrome,PASSED,,2020-06-12 01:04:49 AM,2020-06-12 01:05:27 AM,00:00:38,
418,DrySign,icdemo-drysign.exela.global,Demo,TC001,Tomcat service (URL),chrome,PASSED,,2020-06-12 02:04:04 AM,2020-06-12 02:04:15 AM,00:00:11,
419,DrySign,icdemo-drysign.exela.global,Demo,TC002,ExelaAuth service (Login),chrome,PASSED,,2020-06-12 02:04:16 AM,2020-06-12 02:04:47 AM,00:00:31,
420,DrySign,icdemo-drysign.exela.global,Demo,TC003,eFA service (Download),chrome,PASSED,,2020-06-12 02:04:48 AM,2020-06-12 02:05:26 AM,00:00:38,
421,DrySign,icdemo-drysign.exela.global,Demo,TC001,Tomcat service (URL),chrome,PASSED,,2020-06-12 03:04:05 AM,2020-06-12 03:04:15 AM,00:00:10,
422,DrySign,icdemo-drysign.exela.global,Demo,TC002,ExelaAuth service (Login),chrome,PASSED,,2020-06-12 03:04:16 AM,2020-06-12 03:04:48 AM,00:00:32,
423,DrySign,icdemo-drysign.exela.global,Demo,TC003,eFA service (Download),chrome,PASSED,,2020-06-12 03:04:49 AM,2020-06-12 03:05:26 AM,00:00:37,
424,DrySign,icdemo-drysign.exela.global,Demo,TC001,Tomcat service (URL),chrome,PASSED,,2020-06-12 04:04:04 AM,2020-06-12 04:04:15 AM,00:00:11,
425,DrySign,icdemo-drysign.exela.global,Demo,TC002,ExelaAuth service (Login),chrome,PASSED,,2020-06-12 04:04:16 AM,2020-06-12 04:04:49 AM,00:00:33,
426,DrySign,icdemo-drysign.exela.global,Demo,TC003,eFA service (Download),chrome,PASSED,,2020-06-12 04:04:50 AM,2020-06-12 04:05:29 AM,00:00:39,
427,DrySign,icdemo-drysign.exela.global,Demo,TC001,Tomcat service (URL),chrome,PASSED,,2020-06-12 05:04:05 AM,2020-06-12 05:04:15 AM,00:00:10,
428,DrySign,icdemo-drysign.exela.global,Demo,TC002,ExelaAuth service (Login),chrome,PASSED,,2020-06-12 05:04:16 AM,2020-06-12 05:04:48 AM,00:00:32,
429,DrySign,icdemo-drysign.exela.global,Demo,TC003,eFA service (Download),chrome,PASSED,,2020-06-12 05:04:49 AM,2020-06-12 05:05:26 AM,00:00:37,
430,DrySign,icdemo-drysign.exela.global,Demo,TC001,Tomcat service (URL),chrome,PASSED,,2020-06-12 06:04:05 AM,2020-06-12 06:04:15 AM,00:00:10,
431,DrySign,icdemo-drysign.exela.global,Demo,TC002,ExelaAuth service (Login),chrome,PASSED,,2020-06-12 06:04:16 AM,2020-06-12 06:04:48 AM,00:00:32,
432,DrySign,icdemo-drysign.exela.global,Demo,TC003,eFA service (Download),chrome,PASSED,,2020-06-12 06:04:49 AM,2020-06-12 06:05:27 AM,00:00:38,
433,DrySign,icdemo-drysign.exela.global,Demo,TC001,Tomcat service (URL),chrome,PASSED,,2020-06-12 07:04:04 AM,2020-06-12 07:04:15 AM,00:00:11,
434,DrySign,icdemo-drysign.exela.global,Demo,TC002,ExelaAuth service (Login),chrome,PASSED,,2020-06-12 07:04:16 AM,2020-06-12 07:04:48 AM,00:00:32,
435,DrySign,icdemo-drysign.exela.global,Demo,TC003,eFA service (Download),chrome,PASSED,,2020-06-12 07:04:49 AM,2020-06-12 07:05:26 AM,00:00:37,
436,DrySign,icdemo-drysign.exela.global,Demo,TC001,Tomcat service (URL),chrome,PASSED,,2020-06-12 08:04:05 AM,2020-06-12 08:04:15 AM,00:00:10,
437,DrySign,icdemo-drysign.exela.global,Demo,TC002,ExelaAuth service (Login),chrome,PASSED,,2020-06-12 08:04:16 AM,2020-06-12 08:04:48 AM,00:00:32,
438,DrySign,icdemo-drysign.exela.global,Demo,TC003,eFA service (Download),chrome,PASSED,,2020-06-12 08:04:49 AM,2020-06-12 08:05:27 AM,00:00:38,
439,DrySign,icdemo-drysign.exela.global,Demo,TC001,Tomcat service (URL),chrome,FAILED,,2020-06-12 09:04:05 AM,2020-06-12 09:04:42 AM,00:00:37,
440,DrySign,icdemo-drysign.exela.global,Demo,TC002,ExelaAuth service (Login),chrome,FAILED,,2020-06-12 09:04:43 AM,2020-06-12 09:05:49 AM,00:01:06,
441,DrySign,icdemo-drysign.exela.global,Demo,TC003,eFA service (Download),chrome,PASSED,,2020-06-12 09:05:50 AM,2020-06-12 09:06:37 AM,00:00:47,
442,DrySign,icdemo-drysign.exela.global,Demo,TC001,Tomcat service (URL),chrome,PASSED,,2020-06-12 10:04:04 AM,2020-06-12 10:04:15 AM,00:00:11,
443,DrySign,icdemo-drysign.exela.global,Demo,TC002,ExelaAuth service (Login),chrome,PASSED,,2020-06-12 10:04:16 AM,2020-06-12 10:04:47 AM,00:00:31,
444,DrySign,icdemo-drysign.exela.global,Demo,TC003,eFA service (Download),chrome,PASSED,,2020-06-12 10:04:48 AM,2020-06-12 10:05:26 AM,00:00:38,
445,DrySign,icdemo-drysign.exela.global,Demo,TC001,Tomcat service (URL),chrome,PASSED,,2020-06-12 11:04:05 AM,2020-06-12 11:04:15 AM,00:00:10,
446,DrySign,icdemo-drysign.exela.global,Demo,TC002,ExelaAuth service (Login),chrome,PASSED,,2020-06-12 11:04:16 AM,2020-06-12 11:04:48 AM,00:00:32,
447,DrySign,icdemo-drysign.exela.global,Demo,TC003,eFA service (Download),chrome,PASSED,,2020-06-12 11:04:49 AM,2020-06-12 11:05:27 AM,00:00:38,
448,DrySign,icdemo-drysign.exela.global,Demo,TC001,Tomcat service (URL),chrome,PASSED,,2020-06-12 12:04:05 PM,2020-06-12 12:04:15 PM,00:00:10,
449,DrySign,icdemo-drysign.exela.global,Demo,TC002,ExelaAuth service (Login),chrome,PASSED,,2020-06-12 12:04:16 PM,2020-06-12 12:04:48 PM,00:00:32,
450,DrySign,icdemo-drysign.exela.global,Demo,TC003,eFA service (Download),chrome,PASSED,,2020-06-12 12:04:49 PM,2020-06-12 12:05:27 PM,00:00:38,
451,DrySign,icdemo-drysign.exela.global,Demo,TC001,Tomcat service (URL),chrome,PASSED,,2020-06-12 01:04:05 PM,2020-06-12 01:04:15 PM,00:00:10,
452,DrySign,icdemo-drysign.exela.global,Demo,TC002,ExelaAuth service (Login),chrome,PASSED,,2020-06-12 01:04:16 PM,2020-06-12 01:04:48 PM,00:00:32,
453,DrySign,icdemo-drysign.exela.global,Demo,TC003,eFA service (Download),chrome,PASSED,,2020-06-12 01:04:49 PM,2020-06-12 01:05:27 PM,00:00:38,
454,DrySign,icdemo-drysign.exela.global,Demo,TC001,Tomcat service (URL),chrome,PASSED,,2020-06-12 02:04:05 PM,2020-06-12 02:04:15 PM,00:00:10,
455,DrySign,icdemo-drysign.exela.global,Demo,TC002,ExelaAuth service (Login),chrome,PASSED,,2020-06-12 02:04:17 PM,2020-06-12 02:04:48 PM,00:00:31,
456,DrySign,icdemo-drysign.exela.global,Demo,TC003,eFA service (Download),chrome,PASSED,,2020-06-12 02:04:49 PM,2020-06-12 02:05:27 PM,00:00:38,
457,DrySign,icdemo-drysign.exela.global,Demo,TC001,Tomcat service (URL),chrome,PASSED,,2020-06-12 03:04:04 PM,2020-06-12 03:04:15 PM,00:00:11,
458,DrySign,icdemo-drysign.exela.global,Demo,TC002,ExelaAuth service (Login),chrome,PASSED,,2020-06-12 03:04:16 PM,2020-06-12 03:04:47 PM,00:00:31,
459,DrySign,icdemo-drysign.exela.global,Demo,TC003,eFA service (Download),chrome,PASSED,,2020-06-12 03:04:48 PM,2020-06-12 03:05:26 PM,00:00:38,
460,DrySign,icdemo-drysign.exela.global,Demo,TC001,Tomcat service (URL),chrome,PASSED,,2020-06-12 04:04:05 PM,2020-06-12 04:04:15 PM,00:00:10,
461,DrySign,icdemo-drysign.exela.global,Demo,TC002,ExelaAuth service (Login),chrome,PASSED,,2020-06-12 04:04:17 PM,2020-06-12 04:04:48 PM,00:00:31,
462,DrySign,icdemo-drysign.exela.global,Demo,TC003,eFA service (Download),chrome,PASSED,,2020-06-12 04:04:49 PM,2020-06-12 04:05:27 PM,00:00:38,
463,DrySign,icdemo-drysign.exela.global,Demo,TC001,Tomcat service (URL),chrome,PASSED,,2020-06-12 05:04:05 PM,2020-06-12 05:04:15 PM,00:00:10,
464,DrySign,icdemo-drysign.exela.global,Demo,TC002,ExelaAuth service (Login),chrome,PASSED,,2020-06-12 05:04:17 PM,2020-06-12 05:04:48 PM,00:00:31,
465,DrySign,icdemo-drysign.exela.global,Demo,TC003,eFA service (Download),chrome,PASSED,,2020-06-12 05:04:49 PM,2020-06-12 05:05:27 PM,00:00:38,
466,DrySign,icdemo-drysign.exela.global,Demo,TC001,Tomcat service (URL),chrome,PASSED,,2020-06-12 06:04:05 PM,2020-06-12 06:04:15 PM,00:00:10,
467,DrySign,icdemo-drysign.exela.global,Demo,TC002,ExelaAuth service (Login),chrome,PASSED,,2020-06-12 06:04:17 PM,2020-06-12 06:04:48 PM,00:00:31,
468,DrySign,icdemo-drysign.exela.global,Demo,TC003,eFA service (Download),chrome,PASSED,,2020-06-12 06:04:49 PM,2020-06-12 06:05:27 PM,00:00:38,
469,DrySign,icdemo-drysign.exela.global,Demo,TC001,Tomcat service (URL),chrome,PASSED,,2020-06-12 07:04:05 PM,2020-06-12 07:04:15 PM,00:00:10,
470,DrySign,icdemo-drysign.exela.global,Demo,TC002,ExelaAuth service (Login),chrome,PASSED,,2020-06-12 07:04:16 PM,2020-06-12 07:04:48 PM,00:00:32,
471,DrySign,icdemo-drysign.exela.global,Demo,TC003,eFA service (Download),chrome,PASSED,,2020-06-12 07:04:49 PM,2020-06-12 07:05:27 PM,00:00:38,
472,DrySign,icdemo-drysign.exela.global,Demo,TC001,Tomcat service (URL),chrome,PASSED,,2020-06-12 08:04:05 PM,2020-06-12 08:04:15 PM,00:00:10,
473,DrySign,icdemo-drysign.exela.global,Demo,TC002,ExelaAuth service (Login),chrome,PASSED,,2020-06-12 08:04:17 PM,2020-06-12 08:04:48 PM,00:00:31,
474,DrySign,icdemo-drysign.exela.global,Demo,TC003,eFA service (Download),chrome,PASSED,,2020-06-12 08:04:49 PM,2020-06-12 08:05:32 PM,00:00:43,
475,DrySign,icdemo-drysign.exela.global,Demo,TC001,Tomcat service (URL),chrome,PASSED,,2020-06-12 09:04:05 PM,2020-06-12 09:04:16 PM,00:00:11,
476,DrySign,icdemo-drysign.exela.global,Demo,TC002,ExelaAuth service (Login),chrome,PASSED,,2020-06-12 09:04:17 PM,2020-06-12 09:04:49 PM,00:00:32,
477,DrySign,icdemo-drysign.exela.global,Demo,TC003,eFA service (Download),chrome,PASSED,,2020-06-12 09:04:50 PM,2020-06-12 09:05:29 PM,00:00:39,
478,DrySign,icdemo-drysign.exela.global,Demo,TC001,Tomcat service (URL),chrome,PASSED,,2020-06-12 10:04:06 PM,2020-06-12 10:04:17 PM,00:00:11,
479,DrySign,icdemo-drysign.exela.global,Demo,TC002,ExelaAuth service (Login),chrome,PASSED,,2020-06-12 10:04:18 PM,2020-06-12 10:04:50 PM,00:00:32,
480,DrySign,icdemo-drysign.exela.global,Demo,TC003,eFA service (Download),chrome,PASSED,,2020-06-12 10:04:52 PM,2020-06-12 10:05:31 PM,00:00:39,
481,DrySign,icdemo-drysign.exela.global,Demo,TC001,Tomcat service (URL),chrome,PASSED,,2020-06-12 11:04:06 PM,2020-06-12 11:04:22 PM,00:00:16,
482,DrySign,icdemo-drysign.exela.global,Demo,TC002,ExelaAuth service (Login),chrome,PASSED,,2020-06-12 11:04:24 PM,2020-06-12 11:04:55 PM,00:00:31,
483,DrySign,icdemo-drysign.exela.global,Demo,TC003,eFA service (Download),chrome,PASSED,,2020-06-12 11:04:56 PM,2020-06-12 11:05:34 PM,00:00:38,
484,DrySign,icdemo-drysign.exela.global,Demo,TC001,Tomcat service (URL),chrome,PASSED,,2020-06-13 12:04:05 AM,2020-06-13 12:04:16 AM,00:00:11,
485,DrySign,icdemo-drysign.exela.global,Demo,TC002,ExelaAuth service (Login),chrome,PASSED,,2020-06-13 12:04:19 AM,2020-06-13 12:04:50 AM,00:00:31,
486,DrySign,icdemo-drysign.exela.global,Demo,TC003,eFA service (Download),chrome,PASSED,,2020-06-13 12:04:52 AM,2020-06-13 12:05:29 AM,00:00:37,
487,DrySign,icdemo-drysign.exela.global,Demo,TC001,Tomcat service (URL),chrome,PASSED,,2020-06-13 01:04:05 AM,2020-06-13 01:04:15 AM,00:00:10,
488,DrySign,icdemo-drysign.exela.global,Demo,TC002,ExelaAuth service (Login),chrome,PASSED,,2020-06-13 01:04:18 AM,2020-06-13 01:04:50 AM,00:00:32,
489,DrySign,icdemo-drysign.exela.global,Demo,TC003,eFA service (Download),chrome,PASSED,,2020-06-13 01:04:51 AM,2020-06-13 01:05:29 AM,00:00:38,
490,DrySign,icdemo-drysign.exela.global,Demo,TC001,Tomcat service (URL),chrome,PASSED,,2020-06-13 02:04:05 AM,2020-06-13 02:04:18 AM,00:00:13,
491,DrySign,icdemo-drysign.exela.global,Demo,TC002,ExelaAuth service (Login),chrome,PASSED,,2020-06-13 02:04:20 AM,2020-06-13 02:04:51 AM,00:00:31,
492,DrySign,icdemo-drysign.exela.global,Demo,TC003,eFA service (Download),chrome,PASSED,,2020-06-13 02:04:52 AM,2020-06-13 02:05:30 AM,00:00:38,
493,DrySign,icdemo-drysign.exela.global,Demo,TC001,Tomcat service (URL),chrome,PASSED,,2020-06-13 03:04:04 AM,2020-06-13 03:04:15 AM,00:00:11,
494,DrySign,icdemo-drysign.exela.global,Demo,TC002,ExelaAuth service (Login),chrome,PASSED,,2020-06-13 03:04:18 AM,2020-06-13 03:04:50 AM,00:00:32,
495,DrySign,icdemo-drysign.exela.global,Demo,TC003,eFA service (Download),chrome,PASSED,,2020-06-13 03:04:51 AM,2020-06-13 03:05:29 AM,00:00:38,
496,DrySign,icdemo-drysign.exela.global,Demo,TC001,Tomcat service (URL),chrome,PASSED,,2020-06-13 04:04:05 AM,2020-06-13 04:04:16 AM,00:00:11,
497,DrySign,icdemo-drysign.exela.global,Demo,TC002,ExelaAuth service (Login),chrome,PASSED,,2020-06-13 04:04:17 AM,2020-06-13 04:04:49 AM,00:00:32,
498,DrySign,icdemo-drysign.exela.global,Demo,TC003,eFA service (Download),chrome,PASSED,,2020-06-13 04:04:50 AM,2020-06-13 04:05:29 AM,00:00:39,
499,DrySign,icdemo-drysign.exela.global,Demo,TC001,Tomcat service (URL),chrome,PASSED,,2020-06-13 05:04:05 AM,2020-06-13 05:04:16 AM,00:00:11,
500,DrySign,icdemo-drysign.exela.global,Demo,TC002,ExelaAuth service (Login),chrome,PASSED,,2020-06-13 05:04:18 AM,2020-06-13 05:04:50 AM,00:00:32,
501,DrySign,icdemo-drysign.exela.global,Demo,TC003,eFA service (Download),chrome,PASSED,,2020-06-13 05:04:51 AM,2020-06-13 05:05:29 AM,00:00:38,
502,DrySign,icdemo-drysign.exela.global,Demo,TC001,Tomcat service (URL),chrome,PASSED,,2020-06-13 12:26:00 PM,2020-06-13 12:26:19 PM,00:00:19,
503,DrySign,icdemo-drysign.exela.global,Demo,TC002,ExelaAuth service (Login),chrome,PASSED,,2020-06-13 12:26:26 PM,2020-06-13 12:27:19 PM,00:00:53,
504,DrySign,icdemo-drysign.exela.global,Demo,TC003,eFA service (Download),chrome,PASSED,,2020-06-13 12:27:29 PM,2020-06-13 12:28:47 PM,00:01:18,
505,DrySign,icdemo-drysign.exela.global,Demo,TC001,Tomcat service (URL),chrome,PASSED,,2020-06-13 12:59:37 PM,2020-06-13 12:59:58 PM,00:00:21,
506,DrySign,icdemo-drysign.exela.global,Demo,TC002,ExelaAuth service (Login),chrome,PASSED,,2020-06-13 01:00:05 PM,2020-06-13 01:00:57 PM,00:00:52,
507,DrySign,icdemo-drysign.exela.global,Demo,TC003,eFA service (Download),chrome,PASSED,,2020-06-13 01:01:04 PM,2020-06-13 01:02:07 PM,00:01:03,
508,DrySign,icdemo-drysign.exela.global,Demo,TC001,Tomcat service (URL),chrome,PASSED,,2020-06-13 01:05:12 PM,2020-06-13 01:05:31 PM,00:00:19,
509,DrySign,icdemo-drysign.exela.global,Demo,TC002,ExelaAuth service (Login),chrome,PASSED,,2020-06-13 01:05:38 PM,2020-06-13 01:06:27 PM,00:00:49,
510,DrySign,icdemo-drysign.exela.global,Demo,TC003,eFA service (Download),chrome,PASSED,,2020-06-13 01:06:34 PM,2020-06-13 01:07:37 PM,00:01:03,
511,DrySign,icdemo-drysign.exela.global,Demo,TC001,Tomcat service (URL),chrome,PASSED,,2020-06-13 01:12:41 PM,2020-06-13 01:13:01 PM,00:00:20,
512,DrySign,icdemo-drysign.exela.global,Demo,TC002,ExelaAuth service (Login),chrome,PASSED,,2020-06-13 01:13:08 PM,2020-06-13 01:14:02 PM,00:00:54,
513,DrySign,icdemo-drysign.exela.global,Demo,TC003,eFA service (Download),chrome,PASSED,,2020-06-13 01:14:10 PM,2020-06-13 01:15:13 PM,00:01:03,
514,DrySign,icdemo-drysign.exela.global,Demo,TC001,Tomcat service (URL),chrome,PASSED,,2020-06-18 03:36:45 PM,2020-06-18 03:37:02 PM,00:00:17,
515,DrySign,icdemo-drysign.exela.global,Demo,TC002,ExelaAuth service (Login),chrome,PASSED,,2020-06-18 03:37:32 PM,2020-06-18 03:38:21 PM,00:00:49,
516,DrySign,icdemo-drysign.exela.global,Demo,TC003,eFA service (Download),chrome,PASSED,,2020-06-18 03:39:36 PM,2020-06-18 03:40:40 PM,00:01:04,
517,DrySign,icdemo-drysign.exela.global,Demo,TC001,Tomcat service (URL),chrome,PASSED,,2020-06-18 03:36:45 PM,2020-06-18 03:37:02 PM,00:00:17,
518,DrySign,icdemo-drysign.exela.global,Demo,TC002,ExelaAuth service (Login),chrome,PASSED,,2020-06-18 03:37:32 PM,2020-06-18 03:38:21 PM,00:00:49,
519,DrySign,icdemo-drysign.exela.global,Demo,TC003,eFA service (Download),chrome,PASSED,,2020-06-18 03:39:36 PM,2020-06-18 03:40:40 PM,00:01:04,
520,DrySign,icdemo-drysign.exela.global,Demo,TC001,Tomcat service (URL),chrome,PASSED,,2020-06-18 03:36:45 PM,2020-06-18 03:37:02 PM,00:00:17,
521,DrySign,icdemo-drysign.exela.global,Demo,TC002,ExelaAuth service (Login),chrome,PASSED,,2020-06-18 03:37:32 PM,2020-06-18 03:38:21 PM,00:00:49,
522,DrySign,icdemo-drysign.exela.global,Demo,TC003,eFA service (Download),chrome,PASSED,,2020-06-18 03:39:36 PM,2020-06-18 03:40:40 PM,00:01:04,
523,DrySign,icdemo-drysign.exela.global,Demo,TC001,Tomcat service (URL),chrome,PASSED,,2020-06-18 03:36:45 PM,2020-06-18 03:37:02 PM,00:00:17,
524,DrySign,icdemo-drysign.exela.global,Demo,TC002,ExelaAuth service (Login),chrome,PASSED,,2020-06-18 03:37:32 PM,2020-06-18 03:38:21 PM,00:00:49,
525,DrySign,icdemo-drysign.exela.global,Demo,TC003,eFA service (Download),chrome,PASSED,,2020-06-18 03:39:36 PM,2020-06-18 03:40:40 PM,00:01:04,
526,DrySign,icdemo-drysign.exela.global,Demo,TC001,Tomcat service (URL),chrome,PASSED,,2020-06-18 03:36:45 PM,2020-06-18 03:37:02 PM,00:00:17,
527,DrySign,icdemo-drysign.exela.global,Demo,TC002,ExelaAuth service (Login),chrome,PASSED,,2020-06-18 03:37:32 PM,2020-06-18 03:38:21 PM,00:00:49,
528,DrySign,icdemo-drysign.exela.global,Demo,TC003,eFA service (Download),chrome,PASSED,,2020-06-18 03:39:36 PM,2020-06-18 03:40:40 PM,00:01:04,
529,DrySign,icdemo-drysign.exela.global,Demo,TC001,Tomcat service (URL),chrome,PASSED,,2020-06-18 03:36:45 PM,2020-06-18 03:37:02 PM,00:00:17,
530,DrySign,icdemo-drysign.exela.global,Demo,TC002,ExelaAuth service (Login),chrome,PASSED,,2020-06-18 03:37:32 PM,2020-06-18 03:38:21 PM,00:00:49,
531,DrySign,icdemo-drysign.exela.global,Demo,TC003,eFA service (Download),chrome,PASSED,,2020-06-18 03:39:36 PM,2020-06-18 03:40:40 PM,00:01:04,
532,DrySign,icdemo-drysign.exela.global,Demo,TC001,Tomcat service (URL),chrome,PASSED,,2020-06-23 01:59:08 AM,2020-06-23 01:59:20 AM,00:00:12,
533,DrySign,icdemo-drysign.exela.global,Demo,TC002,ExelaAuth service (Login),chrome,PASSED,,2020-06-23 01:59:27 AM,2020-06-23 02:00:03 AM,00:00:36,
534,DrySign,icdemo-drysign.exela.global,Demo,TC003,eFA service (Download),chrome,PASSED,,2020-06-23 02:00:09 AM,2020-06-23 02:00:53 AM,00:00:44,
535,DrySign,icdemo-drysign.exela.global,Demo,TC001,Tomcat service (URL),chrome,PASSED,,2020-06-23 02:06:20 AM,2020-06-23 02:06:32 AM,00:00:12,
536,DrySign,icdemo-drysign.exela.global,Demo,TC002,ExelaAuth service (Login),chrome,FAILED,FailedStep: titile of the page should be "Dashboard | DrySign"--->ErrorDescription:  expected:<[Login] | DrySign> but was:<[Dashboard] | DrySign>	at junit.framework.Assert.assertEquals(Assert.java:100)	at junit.framework.Assert.assertEquals(Assert.java:107)	at stepDefinitions.Steps.titile_of_the_page_should_be(Steps.java:24)	at .titile of the page should be "Dashboard | DrySign"(file:FeatureFiles/DrySign.feature:15)},2020-06-23 02:06:39 AM,2020-06-23 02:07:06 AM,00:00:27,
537,DrySign,icdemo-drysign.exela.global,Demo,TC003,eFA service (Download),chrome,PASSED,,2020-06-23 02:07:12 AM,2020-06-23 02:07:54 AM,00:00:42,
538,DrySign,icdemo-drysign.exela.global,Demo,TC001,Tomcat service (URL),chrome,PASSED,,2020-06-23 02:29:28 AM,2020-06-23 02:29:40 AM,00:00:12,
539,DrySign,icdemo-drysign.exela.global,Demo,TC002,ExelaAuth service (Login),chrome,PASSED,,2020-06-23 02:29:46 AM,2020-06-23 02:30:22 AM,00:00:36,
540,DrySign,icdemo-drysign.exela.global,Demo,TC003,eFA service (Download),chrome,PASSED,,2020-06-23 02:30:28 AM,2020-06-23 02:31:11 AM,00:00:43,
541,DrySign,icdemo-drysign.exela.global,Demo,TC001,Tomcat service (URL),chrome,PASSED,,2020-06-23 02:37:56 AM,2020-06-23 02:38:08 AM,00:00:12,
542,DrySign,icdemo-drysign.exela.global,Demo,TC002,ExelaAuth service (Login),chrome,PASSED,,2020-06-23 02:38:15 AM,2020-06-23 02:38:51 AM,00:00:36,
543,DrySign,icdemo-drysign.exela.global,Demo,TC003,eFA service (Download),chrome,PASSED,,2020-06-23 02:38:57 AM,2020-06-23 02:39:40 AM,00:00:43,
544,DrySign,icdemo-drysign.exela.global,Demo,TC001,Tomcat service (URL),chrome,PASSED,,2020-06-23 02:43:11 AM,2020-06-23 02:43:23 AM,00:00:12,
545,DrySign,icdemo-drysign.exela.global,Demo,TC002,ExelaAuth service (Login),chrome,PASSED,,2020-06-23 02:43:30 AM,2020-06-23 02:44:05 AM,00:00:35,
546,DrySign,icdemo-drysign.exela.global,Demo,TC003,eFA service (Download),chrome,PASSED,,2020-06-23 02:44:12 AM,2020-06-23 02:44:55 AM,00:00:43,
547,DrySign,icdemo-drysign.exela.global,Demo,TC001,Tomcat service (URL),chrome,PASSED,,2020-06-24 12:45:46 AM,2020-06-24 12:45:58 AM,00:00:12,
548,DrySign,icdemo-drysign.exela.global,Demo,TC002,ExelaAuth service (Login),chrome,PASSED,,2020-06-24 12:46:04 AM,2020-06-24 12:46:46 AM,00:00:42,
549,DrySign,icdemo-drysign.exela.global,Demo,TC003,eFA service (Download),chrome,PASSED,,2020-06-24 12:46:52 AM,2020-06-24 12:47:35 AM,00:00:43,
550,DrySign,icdemo-drysign.exela.global,Demo,TC001,Tomcat service (URL),chrome,PASSED,,2020-06-24 12:45:46 AM,2020-06-24 12:45:58 AM,00:00:12,
551,DrySign,icdemo-drysign.exela.global,Demo,TC002,ExelaAuth service (Login),chrome,PASSED,,2020-06-24 12:46:04 AM,2020-06-24 12:46:46 AM,00:00:42,
552,DrySign,icdemo-drysign.exela.global,Demo,TC003,eFA service (Download),chrome,PASSED,,2020-06-24 12:46:52 AM,2020-06-24 12:47:35 AM,00:00:43,
553,DrySign,icdemo-drysign.exela.global,Demo,TC001,Tomcat service (URL),chrome,PASSED,,2020-06-26 07:02:05 AM,2020-06-26 07:02:18 AM,00:00:13,
554,DrySign,icdemo-drysign.exela.global,Demo,TC002,ExelaAuth service (Login),chrome,PASSED,,2020-06-26 07:02:24 AM,2020-06-26 07:03:00 AM,00:00:36,
555,DrySign,icdemo-drysign.exela.global,Demo,TC003,eFA service (Download),chrome,PASSED,,2020-06-26 07:03:06 AM,2020-06-26 07:03:49 AM,00:00:43,
556,DrySign,icdemo-drysign.exela.global,Demo,TC001,Tomcat service (URL),chrome,PASSED,,2020-06-26 07:37:50 AM,2020-06-26 07:38:03 AM,00:00:13,
557,DrySign,icdemo-drysign.exela.global,Demo,TC002,ExelaAuth service (Login),chrome,PASSED,,2020-06-26 07:38:09 AM,2020-06-26 07:38:44 AM,00:00:35,
558,DrySign,icdemo-drysign.exela.global,Demo,TC003,eFA service (Download),chrome,PASSED,,2020-06-26 07:38:51 AM,2020-06-26 07:39:34 AM,00:00:43,
559,DrySign,icdemo-drysign.exela.global,Demo,TC001,Tomcat service (URL),chrome,PASSED,,2020-07-14 07:16:34 AM,2020-07-14 07:16:46 AM,00:00:12,
560,DrySign,icdemo-drysign.exela.global,Demo,TC002,ExelaAuth service (Login),chrome,PASSED,,2020-07-14 07:16:52 AM,2020-07-14 07:17:27 AM,00:00:35,
561,DrySign,icdemo-drysign.exela.global,Demo,TC003,eFA service (Download),chrome,PASSED,,2020-07-14 07:17:33 AM,2020-07-14 07:18:15 AM,00:00:42,
562,DrySign,icdemo-drysign.exela.global,Demo,TC001,Tomcat service (URL),chrome,PASSED,,2020-07-14 09:43:45 AM,2020-07-14 09:43:57 AM,00:00:12,
563,DrySign,icdemo-drysign.exela.global,Demo,TC002,ExelaAuth service (Login),chrome,PASSED,,2020-07-14 09:44:04 AM,2020-07-14 09:44:39 AM,00:00:35,
564,DrySign,icdemo-drysign.exela.global,Demo,TC003,eFA service (Download),chrome,PASSED,,2020-07-14 09:44:45 AM,2020-07-14 09:45:28 AM,00:00:43,
